-- MariaDB dump 10.19  Distrib 10.4.24-MariaDB, for Win64 (AMD64)
--
-- Host: localhost    Database: pinjam_ruang
-- ------------------------------------------------------
-- Server version	10.4.24-MariaDB

/*!40101 SET @OLD_CHARACTER_SET_CLIENT=@@CHARACTER_SET_CLIENT */;
/*!40101 SET @OLD_CHARACTER_SET_RESULTS=@@CHARACTER_SET_RESULTS */;
/*!40101 SET @OLD_COLLATION_CONNECTION=@@COLLATION_CONNECTION */;
/*!40101 SET NAMES utf8mb4 */;
/*!40103 SET @OLD_TIME_ZONE=@@TIME_ZONE */;
/*!40103 SET TIME_ZONE='+00:00' */;
/*!40014 SET @OLD_UNIQUE_CHECKS=@@UNIQUE_CHECKS, UNIQUE_CHECKS=0 */;
/*!40014 SET @OLD_FOREIGN_KEY_CHECKS=@@FOREIGN_KEY_CHECKS, FOREIGN_KEY_CHECKS=0 */;
/*!40101 SET @OLD_SQL_MODE=@@SQL_MODE, SQL_MODE='NO_AUTO_VALUE_ON_ZERO' */;
/*!40111 SET @OLD_SQL_NOTES=@@SQL_NOTES, SQL_NOTES=0 */;

--
-- Table structure for table `admin_menu`
--

DROP TABLE IF EXISTS `admin_menu`;
/*!40101 SET @saved_cs_client     = @@character_set_client */;
/*!40101 SET character_set_client = utf8 */;
CREATE TABLE `admin_menu` (
  `id` int(10) unsigned NOT NULL AUTO_INCREMENT,
  `parent_id` int(11) NOT NULL DEFAULT 0,
  `order` int(11) NOT NULL DEFAULT 0,
  `title` varchar(50) COLLATE utf8mb4_unicode_ci NOT NULL,
  `icon` varchar(50) COLLATE utf8mb4_unicode_ci NOT NULL,
  `uri` varchar(191) COLLATE utf8mb4_unicode_ci DEFAULT NULL,
  `permission` varchar(191) COLLATE utf8mb4_unicode_ci DEFAULT NULL,
  `created_at` timestamp NULL DEFAULT NULL,
  `updated_at` timestamp NULL DEFAULT NULL,
  PRIMARY KEY (`id`)
) ENGINE=InnoDB AUTO_INCREMENT=16 DEFAULT CHARSET=utf8mb4 COLLATE=utf8mb4_unicode_ci;
/*!40101 SET character_set_client = @saved_cs_client */;

--
-- Dumping data for table `admin_menu`
--

LOCK TABLES `admin_menu` WRITE;
/*!40000 ALTER TABLE `admin_menu` DISABLE KEYS */;
INSERT INTO `admin_menu` VALUES (1,0,1,'Dasbor','fa-dashboard','/',NULL,NULL,NULL),(2,0,10,'Admin','fa-tasks','',NULL,NULL,'2021-08-11 18:34:07'),(3,2,11,'Users','fa-users','auth/users',NULL,NULL,'2021-08-11 18:34:07'),(4,2,12,'Roles','fa-user','auth/roles',NULL,NULL,'2021-08-11 18:34:07'),(5,2,13,'Permission','fa-ban','auth/permissions',NULL,NULL,'2021-08-11 18:34:07'),(6,2,14,'Menu','fa-bars','auth/menu',NULL,NULL,'2021-08-11 18:34:07'),(7,2,15,'Operation log','fa-history','auth/logs',NULL,NULL,'2021-08-11 18:34:07'),(8,0,5,'Helpers','fa-gears','',NULL,'2021-08-04 15:20:58','2021-08-11 18:34:07'),(9,8,6,'Scaffold','fa-keyboard-o','helpers/scaffold',NULL,'2021-08-04 15:20:58','2021-08-11 18:34:07'),(10,8,7,'Database terminal','fa-database','helpers/terminal/database',NULL,'2021-08-04 15:20:58','2021-08-11 18:34:07'),(11,8,8,'Laravel artisan','fa-terminal','helpers/terminal/artisan',NULL,'2021-08-04 15:20:58','2021-08-11 18:34:07'),(12,8,9,'Routes','fa-list-alt','helpers/routes',NULL,'2021-08-04 15:20:58','2021-08-11 18:34:07'),(13,0,2,'Tipe Ruangan','fa-cubes','room-types','list.room_types','2021-08-04 15:21:35','2021-08-11 19:18:40'),(14,0,3,'Ruangan','fa-trello','rooms','list.rooms','2021-08-04 15:22:06','2021-08-11 19:18:21'),(15,0,4,'Pinjam Ruang','fa-calendar','borrow-rooms','list.borrow_rooms','2021-08-04 15:22:30','2021-08-11 19:18:08');
/*!40000 ALTER TABLE `admin_menu` ENABLE KEYS */;
UNLOCK TABLES;

--
-- Table structure for table `admin_operation_log`
--

DROP TABLE IF EXISTS `admin_operation_log`;
/*!40101 SET @saved_cs_client     = @@character_set_client */;
/*!40101 SET character_set_client = utf8 */;
CREATE TABLE `admin_operation_log` (
  `id` int(10) unsigned NOT NULL AUTO_INCREMENT,
  `user_id` int(11) NOT NULL,
  `path` varchar(191) COLLATE utf8mb4_unicode_ci NOT NULL,
  `method` varchar(10) COLLATE utf8mb4_unicode_ci NOT NULL,
  `ip` varchar(191) COLLATE utf8mb4_unicode_ci NOT NULL,
  `input` text COLLATE utf8mb4_unicode_ci NOT NULL,
  `created_at` timestamp NULL DEFAULT NULL,
  `updated_at` timestamp NULL DEFAULT NULL,
  PRIMARY KEY (`id`),
  KEY `admin_operation_log_user_id_index` (`user_id`)
) ENGINE=InnoDB AUTO_INCREMENT=1394 DEFAULT CHARSET=utf8mb4 COLLATE=utf8mb4_unicode_ci;
/*!40101 SET character_set_client = @saved_cs_client */;

--
-- Dumping data for table `admin_operation_log`
--

LOCK TABLES `admin_operation_log` WRITE;
/*!40000 ALTER TABLE `admin_operation_log` DISABLE KEYS */;
INSERT INTO `admin_operation_log` VALUES (1,1,'admin','GET','127.0.0.1','[]','2025-08-07 03:47:43','2025-08-07 03:47:43'),(2,1,'admin/borrow-rooms','GET','127.0.0.1','{\"_pjax\":\"#pjax-container\"}','2025-08-07 03:47:50','2025-08-07 03:47:50'),(3,1,'admin/auth/logout','GET','127.0.0.1','{\"_pjax\":\"#pjax-container\"}','2025-08-07 03:48:05','2025-08-07 03:48:05'),(4,1,'admin','GET','127.0.0.1','[]','2025-08-07 04:24:45','2025-08-07 04:24:45'),(5,1,'admin/auth/users','GET','127.0.0.1','{\"_pjax\":\"#pjax-container\"}','2025-08-07 04:24:57','2025-08-07 04:24:57'),(6,1,'admin','GET','127.0.0.1','{\"_pjax\":\"#pjax-container\"}','2025-08-07 04:28:07','2025-08-07 04:28:07'),(7,1,'admin/borrow-rooms','GET','127.0.0.1','{\"_pjax\":\"#pjax-container\"}','2025-08-07 04:28:10','2025-08-07 04:28:10'),(8,1,'admin/_handle_action_','POST','127.0.0.1','{\"_key\":\"1\",\"_model\":\"App_Models_BorrowRoom\",\"_token\":\"d3KUUhFJqHXNDeH2sPLEhUx0RHgUfCeptf859mQn\",\"_action\":\"Encore_Admin_Grid_Actions_Delete\",\"_input\":\"true\"}','2025-08-07 04:28:16','2025-08-07 04:28:16'),(9,1,'admin/borrow-rooms','GET','127.0.0.1','{\"_pjax\":\"#pjax-container\"}','2025-08-07 04:28:17','2025-08-07 04:28:17'),(10,1,'admin/_handle_action_','POST','127.0.0.1','{\"_key\":\"2\",\"_model\":\"App_Models_BorrowRoom\",\"_token\":\"d3KUUhFJqHXNDeH2sPLEhUx0RHgUfCeptf859mQn\",\"_action\":\"Encore_Admin_Grid_Actions_Delete\",\"_input\":\"true\"}','2025-08-07 04:28:20','2025-08-07 04:28:20'),(11,1,'admin/borrow-rooms','GET','127.0.0.1','{\"_pjax\":\"#pjax-container\"}','2025-08-07 04:28:21','2025-08-07 04:28:21'),(12,1,'admin/_handle_action_','POST','127.0.0.1','{\"_key\":\"3\",\"_model\":\"App_Models_BorrowRoom\",\"_token\":\"d3KUUhFJqHXNDeH2sPLEhUx0RHgUfCeptf859mQn\",\"_action\":\"Encore_Admin_Grid_Actions_Delete\",\"_input\":\"true\"}','2025-08-07 04:28:23','2025-08-07 04:28:23'),(13,1,'admin/borrow-rooms','GET','127.0.0.1','{\"_pjax\":\"#pjax-container\"}','2025-08-07 04:28:24','2025-08-07 04:28:24'),(14,1,'admin/auth/users','GET','127.0.0.1','{\"_pjax\":\"#pjax-container\"}','2025-08-07 04:28:27','2025-08-07 04:28:27'),(15,1,'admin/auth/users','GET','127.0.0.1','[]','2025-08-07 04:31:28','2025-08-07 04:31:28'),(16,1,'admin/auth/users/create','GET','127.0.0.1','{\"_pjax\":\"#pjax-container\"}','2025-08-07 04:31:39','2025-08-07 04:31:39'),(17,1,'admin/auth/users','POST','127.0.0.1','{\"username\":\"TataUsaha\",\"name\":\"TataUsaha\",\"password\":\"tatausaha\",\"password_confirmation\":\"tatausaha\",\"roles\":[\"2\",null],\"permissions\":[\"1\",null],\"_token\":\"d3KUUhFJqHXNDeH2sPLEhUx0RHgUfCeptf859mQn\",\"_previous_\":\"http:\\/\\/127.0.0.1:8000\\/admin\\/auth\\/users\"}','2025-08-07 04:33:14','2025-08-07 04:33:14'),(18,1,'admin/auth/users','GET','127.0.0.1','[]','2025-08-07 04:33:15','2025-08-07 04:33:15'),(19,1,'admin/borrow-rooms','GET','127.0.0.1','{\"_pjax\":\"#pjax-container\"}','2025-08-07 04:33:23','2025-08-07 04:33:23'),(20,1,'admin/borrow-rooms','GET','127.0.0.1','[]','2025-08-07 04:35:37','2025-08-07 04:35:37'),(21,1,'admin/room-types','GET','127.0.0.1','{\"_pjax\":\"#pjax-container\"}','2025-08-07 04:36:37','2025-08-07 04:36:37'),(22,1,'admin','GET','127.0.0.1','{\"_pjax\":\"#pjax-container\"}','2025-08-07 04:36:39','2025-08-07 04:36:39'),(23,1,'admin/room-types','GET','127.0.0.1','{\"_pjax\":\"#pjax-container\"}','2025-08-07 04:36:42','2025-08-07 04:36:42'),(24,1,'admin/room-types/create','GET','127.0.0.1','{\"_pjax\":\"#pjax-container\"}','2025-08-07 04:36:45','2025-08-07 04:36:45'),(25,1,'admin/room-types','POST','127.0.0.1','{\"name\":\"Sasana Cipta\",\"is_active\":\"on\",\"_token\":\"d3KUUhFJqHXNDeH2sPLEhUx0RHgUfCeptf859mQn\",\"_previous_\":\"http:\\/\\/127.0.0.1:8000\\/admin\\/room-types\"}','2025-08-07 04:36:54','2025-08-07 04:36:54'),(26,1,'admin/room-types','GET','127.0.0.1','[]','2025-08-07 04:36:54','2025-08-07 04:36:54'),(27,1,'admin/room-types','GET','127.0.0.1','{\"_pjax\":\"#pjax-container\"}','2025-08-07 04:36:58','2025-08-07 04:36:58'),(28,1,'admin/room-types/create','GET','127.0.0.1','{\"_pjax\":\"#pjax-container\"}','2025-08-07 04:37:02','2025-08-07 04:37:02'),(29,1,'admin/room-types','POST','127.0.0.1','{\"name\":\"Sasana Wiyata\",\"is_active\":\"on\",\"_token\":\"d3KUUhFJqHXNDeH2sPLEhUx0RHgUfCeptf859mQn\",\"_previous_\":\"http:\\/\\/127.0.0.1:8000\\/admin\\/room-types\"}','2025-08-07 04:37:08','2025-08-07 04:37:08'),(30,1,'admin/room-types','GET','127.0.0.1','[]','2025-08-07 04:37:09','2025-08-07 04:37:09'),(31,1,'admin/room-types/create','GET','127.0.0.1','{\"_pjax\":\"#pjax-container\"}','2025-08-07 04:37:11','2025-08-07 04:37:11'),(32,1,'admin/room-types','POST','127.0.0.1','{\"name\":\"Sasana Mitra\",\"is_active\":\"on\",\"_token\":\"d3KUUhFJqHXNDeH2sPLEhUx0RHgUfCeptf859mQn\",\"_previous_\":\"http:\\/\\/127.0.0.1:8000\\/admin\\/room-types\"}','2025-08-07 04:37:18','2025-08-07 04:37:18'),(33,1,'admin/room-types','GET','127.0.0.1','[]','2025-08-07 04:37:19','2025-08-07 04:37:19'),(34,1,'admin/room-types/create','GET','127.0.0.1','{\"_pjax\":\"#pjax-container\"}','2025-08-07 04:37:20','2025-08-07 04:37:20'),(35,1,'admin/room-types','POST','127.0.0.1','{\"name\":\"Sasana Krida\",\"is_active\":\"on\",\"_token\":\"d3KUUhFJqHXNDeH2sPLEhUx0RHgUfCeptf859mQn\",\"_previous_\":\"http:\\/\\/127.0.0.1:8000\\/admin\\/room-types\"}','2025-08-07 04:37:25','2025-08-07 04:37:25'),(36,1,'admin/room-types','GET','127.0.0.1','[]','2025-08-07 04:37:25','2025-08-07 04:37:25'),(37,1,'admin/room-types/create','GET','127.0.0.1','{\"_pjax\":\"#pjax-container\"}','2025-08-07 04:37:39','2025-08-07 04:37:39'),(38,1,'admin/room-types','POST','127.0.0.1','{\"name\":\"SPAB\",\"is_active\":\"on\",\"_token\":\"d3KUUhFJqHXNDeH2sPLEhUx0RHgUfCeptf859mQn\",\"_previous_\":\"http:\\/\\/127.0.0.1:8000\\/admin\\/room-types\"}','2025-08-07 04:37:43','2025-08-07 04:37:43'),(39,1,'admin/room-types','GET','127.0.0.1','[]','2025-08-07 04:37:43','2025-08-07 04:37:43'),(40,1,'admin/room-types/create','GET','127.0.0.1','{\"_pjax\":\"#pjax-container\"}','2025-08-07 04:37:45','2025-08-07 04:37:45'),(41,1,'admin/room-types','POST','127.0.0.1','{\"name\":\"Rapat Wakadis\",\"is_active\":\"on\",\"_token\":\"d3KUUhFJqHXNDeH2sPLEhUx0RHgUfCeptf859mQn\",\"_previous_\":\"http:\\/\\/127.0.0.1:8000\\/admin\\/room-types\"}','2025-08-07 04:38:00','2025-08-07 04:38:00'),(42,1,'admin/room-types','GET','127.0.0.1','[]','2025-08-07 04:38:01','2025-08-07 04:38:01'),(43,1,'admin/room-types/create','GET','127.0.0.1','{\"_pjax\":\"#pjax-container\"}','2025-08-07 04:38:03','2025-08-07 04:38:03'),(44,1,'admin/room-types/create','GET','127.0.0.1','[]','2025-08-07 04:38:05','2025-08-07 04:38:05'),(45,1,'admin/room-types','POST','127.0.0.1','{\"name\":\"Rapat Subbag Umum\",\"is_active\":\"on\",\"_token\":\"d3KUUhFJqHXNDeH2sPLEhUx0RHgUfCeptf859mQn\"}','2025-08-07 04:38:16','2025-08-07 04:38:16'),(46,1,'admin/room-types','GET','127.0.0.1','[]','2025-08-07 04:38:16','2025-08-07 04:38:16'),(47,1,'admin/rooms','GET','127.0.0.1','{\"_pjax\":\"#pjax-container\"}','2025-08-07 04:38:21','2025-08-07 04:38:21'),(48,1,'admin/rooms/create','GET','127.0.0.1','{\"_pjax\":\"#pjax-container\"}','2025-08-07 04:38:24','2025-08-07 04:38:24'),(49,1,'admin/rooms','POST','127.0.0.1','{\"name\":\"Sasana Cipta\",\"room_type_id\":\"24\",\"max_people\":\"20\",\"status\":\"0\",\"notes\":null,\"_token\":\"d3KUUhFJqHXNDeH2sPLEhUx0RHgUfCeptf859mQn\",\"_previous_\":\"http:\\/\\/127.0.0.1:8000\\/admin\\/rooms\"}','2025-08-07 04:38:42','2025-08-07 04:38:42'),(50,1,'admin/rooms','GET','127.0.0.1','[]','2025-08-07 04:38:43','2025-08-07 04:38:43'),(51,1,'admin/room-types','GET','127.0.0.1','{\"_pjax\":\"#pjax-container\"}','2025-08-07 04:38:49','2025-08-07 04:38:49'),(52,1,'admin/rooms','GET','127.0.0.1','{\"_pjax\":\"#pjax-container\"}','2025-08-07 04:38:54','2025-08-07 04:38:54'),(53,1,'admin/rooms/26/edit','GET','127.0.0.1','{\"_pjax\":\"#pjax-container\"}','2025-08-07 04:38:59','2025-08-07 04:38:59'),(54,1,'admin/rooms/26','PUT','127.0.0.1','{\"name\":\"Sasana Cipta\",\"room_type_id\":\"24\",\"max_people\":\"20\",\"status\":\"0\",\"notes\":null,\"_token\":\"d3KUUhFJqHXNDeH2sPLEhUx0RHgUfCeptf859mQn\",\"_method\":\"PUT\",\"_previous_\":\"http:\\/\\/127.0.0.1:8000\\/admin\\/rooms\"}','2025-08-07 04:39:07','2025-08-07 04:39:07'),(55,1,'admin/rooms','GET','127.0.0.1','[]','2025-08-07 04:39:08','2025-08-07 04:39:08'),(56,1,'admin/rooms/create','GET','127.0.0.1','{\"_pjax\":\"#pjax-container\"}','2025-08-07 04:39:10','2025-08-07 04:39:10'),(57,1,'admin/rooms','POST','127.0.0.1','{\"name\":\"Sasana Wiyata\",\"room_type_id\":\"25\",\"max_people\":\"20\",\"status\":\"0\",\"notes\":null,\"_token\":\"d3KUUhFJqHXNDeH2sPLEhUx0RHgUfCeptf859mQn\",\"_previous_\":\"http:\\/\\/127.0.0.1:8000\\/admin\\/rooms\"}','2025-08-07 04:39:18','2025-08-07 04:39:18'),(58,1,'admin/rooms','GET','127.0.0.1','[]','2025-08-07 04:39:18','2025-08-07 04:39:18'),(59,1,'admin/rooms/create','GET','127.0.0.1','{\"_pjax\":\"#pjax-container\"}','2025-08-07 04:39:21','2025-08-07 04:39:21'),(60,1,'admin/rooms','POST','127.0.0.1','{\"name\":\"Sasana Cipta\",\"room_type_id\":\"24\",\"max_people\":\"20\",\"status\":\"0\",\"notes\":null,\"_token\":\"d3KUUhFJqHXNDeH2sPLEhUx0RHgUfCeptf859mQn\",\"_previous_\":\"http:\\/\\/127.0.0.1:8000\\/admin\\/rooms\"}','2025-08-07 04:39:28','2025-08-07 04:39:28'),(61,1,'admin/rooms','GET','127.0.0.1','[]','2025-08-07 04:39:28','2025-08-07 04:39:28'),(62,1,'admin/rooms/create','GET','127.0.0.1','{\"_pjax\":\"#pjax-container\"}','2025-08-07 04:39:33','2025-08-07 04:39:33'),(63,1,'admin/rooms','POST','127.0.0.1','{\"name\":\"Sasana Wiyata\",\"room_type_id\":\"25\",\"max_people\":\"20\",\"status\":\"0\",\"notes\":null,\"_token\":\"d3KUUhFJqHXNDeH2sPLEhUx0RHgUfCeptf859mQn\",\"_previous_\":\"http:\\/\\/127.0.0.1:8000\\/admin\\/rooms\"}','2025-08-07 04:39:43','2025-08-07 04:39:43'),(64,1,'admin/rooms','GET','127.0.0.1','[]','2025-08-07 04:39:44','2025-08-07 04:39:44'),(65,1,'admin/rooms/27/edit','GET','127.0.0.1','{\"_pjax\":\"#pjax-container\"}','2025-08-07 04:39:51','2025-08-07 04:39:51'),(66,1,'admin/rooms/27','PUT','127.0.0.1','{\"name\":\"Sasana Krida\",\"room_type_id\":\"27\",\"max_people\":\"20\",\"status\":\"0\",\"notes\":null,\"_token\":\"d3KUUhFJqHXNDeH2sPLEhUx0RHgUfCeptf859mQn\",\"_method\":\"PUT\",\"_previous_\":\"http:\\/\\/127.0.0.1:8000\\/admin\\/rooms\"}','2025-08-07 04:40:03','2025-08-07 04:40:03'),(67,1,'admin/rooms','GET','127.0.0.1','[]','2025-08-07 04:40:04','2025-08-07 04:40:04'),(68,1,'admin/rooms/26/edit','GET','127.0.0.1','{\"_pjax\":\"#pjax-container\"}','2025-08-07 04:40:09','2025-08-07 04:40:09'),(69,1,'admin/rooms/26','PUT','127.0.0.1','{\"name\":\"Sasana Mitra\",\"room_type_id\":\"26\",\"max_people\":\"20\",\"status\":\"0\",\"notes\":null,\"_token\":\"d3KUUhFJqHXNDeH2sPLEhUx0RHgUfCeptf859mQn\",\"_method\":\"PUT\",\"_previous_\":\"http:\\/\\/127.0.0.1:8000\\/admin\\/rooms\"}','2025-08-07 04:40:24','2025-08-07 04:40:24'),(70,1,'admin/rooms','GET','127.0.0.1','[]','2025-08-07 04:40:24','2025-08-07 04:40:24'),(71,1,'admin/rooms/create','GET','127.0.0.1','{\"_pjax\":\"#pjax-container\"}','2025-08-07 04:40:28','2025-08-07 04:40:28'),(72,1,'admin/rooms','POST','127.0.0.1','{\"name\":\"SPAB\",\"room_type_id\":\"28\",\"max_people\":\"20\",\"status\":\"0\",\"notes\":null,\"_token\":\"d3KUUhFJqHXNDeH2sPLEhUx0RHgUfCeptf859mQn\",\"_previous_\":\"http:\\/\\/127.0.0.1:8000\\/admin\\/rooms\"}','2025-08-07 04:40:34','2025-08-07 04:40:34'),(73,1,'admin/rooms','GET','127.0.0.1','[]','2025-08-07 04:40:34','2025-08-07 04:40:34'),(74,1,'admin/rooms/create','GET','127.0.0.1','{\"_pjax\":\"#pjax-container\"}','2025-08-07 04:40:36','2025-08-07 04:40:36'),(75,1,'admin/rooms','POST','127.0.0.1','{\"name\":\"Rapat Wakadis\",\"room_type_id\":\"29\",\"max_people\":\"20\",\"status\":\"0\",\"notes\":null,\"_token\":\"d3KUUhFJqHXNDeH2sPLEhUx0RHgUfCeptf859mQn\",\"_previous_\":\"http:\\/\\/127.0.0.1:8000\\/admin\\/rooms\"}','2025-08-07 04:40:46','2025-08-07 04:40:46'),(76,1,'admin/rooms','GET','127.0.0.1','[]','2025-08-07 04:40:46','2025-08-07 04:40:46'),(77,1,'admin/rooms/create','GET','127.0.0.1','{\"_pjax\":\"#pjax-container\"}','2025-08-07 04:40:53','2025-08-07 04:40:53'),(78,1,'admin/rooms','POST','127.0.0.1','{\"name\":\"Rapat Subbag Umum\",\"room_type_id\":\"30\",\"max_people\":\"20\",\"status\":\"0\",\"notes\":null,\"_token\":\"d3KUUhFJqHXNDeH2sPLEhUx0RHgUfCeptf859mQn\",\"_previous_\":\"http:\\/\\/127.0.0.1:8000\\/admin\\/rooms\"}','2025-08-07 04:41:03','2025-08-07 04:41:03'),(79,1,'admin/rooms','GET','127.0.0.1','[]','2025-08-07 04:41:03','2025-08-07 04:41:03'),(80,1,'admin/room-types','GET','127.0.0.1','{\"_pjax\":\"#pjax-container\"}','2025-08-07 04:41:07','2025-08-07 04:41:07'),(81,1,'admin/rooms','GET','127.0.0.1','{\"_pjax\":\"#pjax-container\"}','2025-08-07 04:41:10','2025-08-07 04:41:10'),(82,1,'admin/room-types','GET','127.0.0.1','{\"_pjax\":\"#pjax-container\"}','2025-08-07 04:41:12','2025-08-07 04:41:12'),(83,1,'admin/rooms','GET','127.0.0.1','{\"_pjax\":\"#pjax-container\"}','2025-08-07 04:41:14','2025-08-07 04:41:14'),(84,1,'admin/room-types','GET','127.0.0.1','{\"_pjax\":\"#pjax-container\"}','2025-08-07 04:41:15','2025-08-07 04:41:15'),(85,1,'admin/rooms','GET','127.0.0.1','{\"_pjax\":\"#pjax-container\"}','2025-08-07 04:41:17','2025-08-07 04:41:17'),(86,1,'admin/room-types','GET','127.0.0.1','{\"_pjax\":\"#pjax-container\"}','2025-08-07 04:41:18','2025-08-07 04:41:18'),(87,1,'admin/rooms','GET','127.0.0.1','{\"_pjax\":\"#pjax-container\"}','2025-08-07 04:41:20','2025-08-07 04:41:20'),(88,1,'admin/borrow-rooms','GET','127.0.0.1','{\"_pjax\":\"#pjax-container\"}','2025-08-07 04:41:21','2025-08-07 04:41:21'),(89,1,'admin/helpers/scaffold','GET','127.0.0.1','{\"_pjax\":\"#pjax-container\"}','2025-08-07 04:41:28','2025-08-07 04:41:28'),(90,1,'admin/auth/roles','GET','127.0.0.1','{\"_pjax\":\"#pjax-container\"}','2025-08-07 04:41:36','2025-08-07 04:41:36'),(91,1,'admin','GET','127.0.0.1','{\"_pjax\":\"#pjax-container\"}','2025-08-07 04:42:36','2025-08-07 04:42:36'),(92,1,'admin/auth/users','GET','127.0.0.1','{\"_pjax\":\"#pjax-container\"}','2025-08-07 04:42:38','2025-08-07 04:42:38'),(93,1,'admin/auth/users/64/edit','GET','127.0.0.1','{\"_pjax\":\"#pjax-container\"}','2025-08-07 04:42:45','2025-08-07 04:42:45'),(94,1,'admin/auth/users/64','PUT','127.0.0.1','{\"username\":\"TataUsaha\",\"name\":\"TataUsaha\",\"password\":\"$2y$10$\\/5VPoFlpRreuEHlHraw5QuZpz2cRpJITo3EThH6vNjS0Z7nOcI4Ym\",\"password_confirmation\":\"$2y$10$\\/5VPoFlpRreuEHlHraw5QuZpz2cRpJITo3EThH6vNjS0Z7nOcI4Ym\",\"roles\":[\"2\",null],\"permissions\":[\"2\",\"3\",\"4\",\"7\",\"8\",\"9\",\"11\",\"12\",\"13\",\"14\",\"15\",\"16\",\"17\",null],\"_token\":\"d3KUUhFJqHXNDeH2sPLEhUx0RHgUfCeptf859mQn\",\"_method\":\"PUT\",\"_previous_\":\"http:\\/\\/127.0.0.1:8000\\/admin\\/auth\\/users\"}','2025-08-07 04:43:57','2025-08-07 04:43:57'),(95,1,'admin/auth/users','GET','127.0.0.1','[]','2025-08-07 04:43:58','2025-08-07 04:43:58'),(96,1,'admin/auth/roles','GET','127.0.0.1','{\"_pjax\":\"#pjax-container\"}','2025-08-07 04:44:01','2025-08-07 04:44:01'),(97,1,'admin','GET','127.0.0.1','{\"_pjax\":\"#pjax-container\"}','2025-08-07 04:44:18','2025-08-07 04:44:18'),(98,1,'admin/auth/users','GET','127.0.0.1','{\"_pjax\":\"#pjax-container\"}','2025-08-07 04:44:20','2025-08-07 04:44:20'),(99,1,'admin/auth/users/64/edit','GET','127.0.0.1','{\"_pjax\":\"#pjax-container\"}','2025-08-07 04:44:24','2025-08-07 04:44:24'),(100,1,'admin/auth/users/64','PUT','127.0.0.1','{\"username\":\"TataUsaha\",\"name\":\"TataUsaha\",\"password\":\"$2y$10$\\/5VPoFlpRreuEHlHraw5QuZpz2cRpJITo3EThH6vNjS0Z7nOcI4Ym\",\"password_confirmation\":\"$2y$10$\\/5VPoFlpRreuEHlHraw5QuZpz2cRpJITo3EThH6vNjS0Z7nOcI4Ym\",\"roles\":[\"2\",null],\"permissions\":[\"2\",\"3\",\"4\",\"7\",\"8\",\"9\",\"11\",\"12\",\"13\",\"14\",\"15\",\"16\",\"17\",\"18\",\"19\",null],\"_token\":\"d3KUUhFJqHXNDeH2sPLEhUx0RHgUfCeptf859mQn\",\"_method\":\"PUT\",\"_previous_\":\"http:\\/\\/127.0.0.1:8000\\/admin\\/auth\\/users\"}','2025-08-07 04:44:32','2025-08-07 04:44:32'),(101,1,'admin/auth/users','GET','127.0.0.1','[]','2025-08-07 04:44:32','2025-08-07 04:44:32'),(102,1,'admin/auth/users/64/edit','GET','127.0.0.1','{\"_pjax\":\"#pjax-container\"}','2025-08-07 04:44:42','2025-08-07 04:44:42'),(103,1,'admin/auth/users/64','PUT','127.0.0.1','{\"username\":\"tatausaha\",\"name\":\"TataUsaha\",\"password\":\"$2y$10$\\/5VPoFlpRreuEHlHraw5QuZpz2cRpJITo3EThH6vNjS0Z7nOcI4Ym\",\"password_confirmation\":\"$2y$10$\\/5VPoFlpRreuEHlHraw5QuZpz2cRpJITo3EThH6vNjS0Z7nOcI4Ym\",\"roles\":[\"2\",null],\"permissions\":[\"2\",\"3\",\"4\",\"7\",\"8\",\"9\",\"11\",\"12\",\"13\",\"14\",\"15\",\"16\",\"17\",\"18\",\"19\",null],\"_token\":\"d3KUUhFJqHXNDeH2sPLEhUx0RHgUfCeptf859mQn\",\"_method\":\"PUT\",\"_previous_\":\"http:\\/\\/127.0.0.1:8000\\/admin\\/auth\\/users\"}','2025-08-07 04:44:49','2025-08-07 04:44:49'),(104,1,'admin/auth/users','GET','127.0.0.1','[]','2025-08-07 04:44:49','2025-08-07 04:44:49'),(105,1,'admin','GET','127.0.0.1','{\"_pjax\":\"#pjax-container\"}','2025-08-07 04:44:51','2025-08-07 04:44:51'),(106,1,'admin','GET','127.0.0.1','{\"_pjax\":\"#pjax-container\"}','2025-08-07 04:44:57','2025-08-07 04:44:57'),(107,1,'admin','GET','127.0.0.1','{\"_pjax\":\"#pjax-container\"}','2025-08-07 04:44:59','2025-08-07 04:44:59'),(108,1,'admin/auth/logout','GET','127.0.0.1','{\"_pjax\":\"#pjax-container\"}','2025-08-07 04:45:01','2025-08-07 04:45:01'),(109,1,'admin','GET','127.0.0.1','[]','2025-08-07 04:47:05','2025-08-07 04:47:05'),(110,1,'admin/auth/users','GET','127.0.0.1','{\"_pjax\":\"#pjax-container\"}','2025-08-07 07:02:10','2025-08-07 07:02:10'),(111,1,'admin/room-types','GET','127.0.0.1','{\"_pjax\":\"#pjax-container\"}','2025-08-07 07:04:42','2025-08-07 07:04:42'),(112,1,'admin/auth/login','GET','127.0.0.1','[]','2025-08-07 07:23:05','2025-08-07 07:23:05'),(113,1,'admin','GET','127.0.0.1','[]','2025-08-07 07:23:05','2025-08-07 07:23:05'),(114,1,'admin','GET','127.0.0.1','{\"_pjax\":\"#pjax-container\"}','2025-08-07 07:23:11','2025-08-07 07:23:11'),(115,1,'admin/room-types','GET','127.0.0.1','{\"_pjax\":\"#pjax-container\"}','2025-08-07 07:23:12','2025-08-07 07:23:12'),(116,1,'admin/rooms','GET','127.0.0.1','{\"_pjax\":\"#pjax-container\"}','2025-08-07 07:23:14','2025-08-07 07:23:14'),(117,1,'admin/borrow-rooms','GET','127.0.0.1','{\"_pjax\":\"#pjax-container\"}','2025-08-07 07:23:15','2025-08-07 07:23:15'),(118,1,'admin/auth/users','GET','127.0.0.1','{\"_pjax\":\"#pjax-container\"}','2025-08-07 07:23:22','2025-08-07 07:23:22'),(119,1,'admin/auth/users/create','GET','127.0.0.1','{\"_pjax\":\"#pjax-container\"}','2025-08-07 07:23:25','2025-08-07 07:23:25'),(120,1,'admin/auth/users','POST','127.0.0.1','{\"username\":\"haizuma\",\"name\":\"haizuma\",\"password\":\"123\",\"password_confirmation\":\"123\",\"roles\":[\"3\",null],\"permissions\":[\"2\",\"3\",\"4\",\"7\",\"12\",\"16\",\"18\",null],\"_token\":\"fe2FJWsPhuJuIpvBlpLRg1zsNAmZHh5Ery0yxxc2\",\"_previous_\":\"http:\\/\\/127.0.0.1:8000\\/admin\\/auth\\/users\"}','2025-08-07 07:24:59','2025-08-07 07:24:59'),(121,1,'admin/auth/users','GET','127.0.0.1','[]','2025-08-07 07:25:00','2025-08-07 07:25:00'),(122,1,'admin/auth/users/65/edit','GET','127.0.0.1','{\"_pjax\":\"#pjax-container\"}','2025-08-07 07:25:04','2025-08-07 07:25:04'),(123,1,'admin/auth/users/65','PUT','127.0.0.1','{\"username\":\"kepala bidang\",\"name\":\"Kepala Bidang\",\"password\":\"kepalabidang\",\"password_confirmation\":\"kepalabidang\",\"roles\":[\"3\",null],\"permissions\":[\"2\",\"3\",\"4\",\"7\",\"12\",\"16\",\"18\",null],\"_token\":\"fe2FJWsPhuJuIpvBlpLRg1zsNAmZHh5Ery0yxxc2\",\"_method\":\"PUT\",\"_previous_\":\"http:\\/\\/127.0.0.1:8000\\/admin\\/auth\\/users\"}','2025-08-07 07:25:39','2025-08-07 07:25:39'),(124,1,'admin/auth/users','GET','127.0.0.1','[]','2025-08-07 07:25:39','2025-08-07 07:25:39'),(125,1,'admin/auth/users/create','GET','127.0.0.1','{\"_pjax\":\"#pjax-container\"}','2025-08-07 07:25:44','2025-08-07 07:25:44'),(126,1,'admin/auth/users','POST','127.0.0.1','{\"username\":\"pegawai\",\"name\":\"Pegawai\",\"password\":\"pegawai\",\"password_confirmation\":\"pegawai\",\"roles\":[\"4\",null],\"permissions\":[\"2\",\"3\",\"4\",\"16\",null],\"_token\":\"fe2FJWsPhuJuIpvBlpLRg1zsNAmZHh5Ery0yxxc2\",\"_previous_\":\"http:\\/\\/127.0.0.1:8000\\/admin\\/auth\\/users\"}','2025-08-07 07:26:23','2025-08-07 07:26:23'),(127,1,'admin/auth/users','GET','127.0.0.1','[]','2025-08-07 07:26:23','2025-08-07 07:26:23'),(128,1,'admin/auth/roles','GET','127.0.0.1','{\"_pjax\":\"#pjax-container\"}','2025-08-07 07:26:28','2025-08-07 07:26:28'),(129,1,'admin/auth/login','GET','127.0.0.1','[]','2025-08-07 07:26:50','2025-08-07 07:26:50'),(130,1,'admin','GET','127.0.0.1','[]','2025-08-07 07:26:51','2025-08-07 07:26:51'),(131,1,'admin/auth/logout','GET','127.0.0.1','{\"_pjax\":\"#pjax-container\"}','2025-08-07 07:26:55','2025-08-07 07:26:55'),(132,66,'admin','GET','127.0.0.1','[]','2025-08-07 07:27:07','2025-08-07 07:27:07'),(133,66,'admin/auth/users','GET','127.0.0.1','{\"_pjax\":\"#pjax-container\"}','2025-08-07 07:27:17','2025-08-07 07:27:17'),(134,66,'admin','GET','127.0.0.1','{\"_pjax\":\"#pjax-container\"}','2025-08-07 07:27:19','2025-08-07 07:27:19'),(135,66,'admin/borrow-rooms','GET','127.0.0.1','{\"_pjax\":\"#pjax-container\"}','2025-08-07 07:27:20','2025-08-07 07:27:20'),(136,66,'admin/borrow-rooms','GET','127.0.0.1','{\"_pjax\":\"#pjax-container\"}','2025-08-07 07:27:23','2025-08-07 07:27:23'),(137,66,'admin','GET','127.0.0.1','{\"_pjax\":\"#pjax-container\"}','2025-08-07 07:27:24','2025-08-07 07:27:24'),(138,66,'admin/room-types','GET','127.0.0.1','{\"_pjax\":\"#pjax-container\"}','2025-08-07 07:27:25','2025-08-07 07:27:25'),(139,66,'admin','GET','127.0.0.1','{\"_pjax\":\"#pjax-container\"}','2025-08-07 07:27:29','2025-08-07 07:27:29'),(140,66,'admin/rooms','GET','127.0.0.1','{\"_pjax\":\"#pjax-container\"}','2025-08-07 07:27:30','2025-08-07 07:27:30'),(141,66,'admin','GET','127.0.0.1','{\"_pjax\":\"#pjax-container\"}','2025-08-07 07:27:32','2025-08-07 07:27:32'),(142,66,'admin/borrow-rooms','GET','127.0.0.1','{\"_pjax\":\"#pjax-container\"}','2025-08-07 07:27:33','2025-08-07 07:27:33'),(143,66,'admin','GET','127.0.0.1','{\"_pjax\":\"#pjax-container\"}','2025-08-07 07:27:35','2025-08-07 07:27:35'),(144,66,'admin/borrow-rooms','GET','127.0.0.1','{\"_pjax\":\"#pjax-container\"}','2025-08-07 07:27:37','2025-08-07 07:27:37'),(145,66,'admin/auth/logout','GET','127.0.0.1','{\"_pjax\":\"#pjax-container\"}','2025-08-07 07:27:44','2025-08-07 07:27:44'),(146,65,'admin','GET','127.0.0.1','[]','2025-08-07 07:27:55','2025-08-07 07:27:55'),(147,65,'admin/room-types','GET','127.0.0.1','{\"_pjax\":\"#pjax-container\"}','2025-08-07 07:27:59','2025-08-07 07:27:59'),(148,65,'admin/rooms','GET','127.0.0.1','{\"_pjax\":\"#pjax-container\"}','2025-08-07 07:28:03','2025-08-07 07:28:03'),(149,65,'admin/borrow-rooms','GET','127.0.0.1','{\"_pjax\":\"#pjax-container\"}','2025-08-07 07:28:06','2025-08-07 07:28:06'),(150,65,'admin','GET','127.0.0.1','{\"_pjax\":\"#pjax-container\"}','2025-08-07 07:28:09','2025-08-07 07:28:09'),(151,65,'admin','GET','127.0.0.1','{\"_pjax\":\"#pjax-container\"}','2025-08-07 07:28:11','2025-08-07 07:28:11'),(152,65,'admin/room-types','GET','127.0.0.1','{\"_pjax\":\"#pjax-container\"}','2025-08-07 07:28:13','2025-08-07 07:28:13'),(153,65,'admin/rooms','GET','127.0.0.1','{\"_pjax\":\"#pjax-container\"}','2025-08-07 07:28:14','2025-08-07 07:28:14'),(154,65,'admin/borrow-rooms','GET','127.0.0.1','{\"_pjax\":\"#pjax-container\"}','2025-08-07 07:28:15','2025-08-07 07:28:15'),(155,65,'admin/auth/logout','GET','127.0.0.1','{\"_pjax\":\"#pjax-container\"}','2025-08-07 07:28:20','2025-08-07 07:28:20'),(156,64,'admin','GET','127.0.0.1','[]','2025-08-07 07:28:31','2025-08-07 07:28:31'),(157,64,'admin/auth/logout','GET','127.0.0.1','{\"_pjax\":\"#pjax-container\"}','2025-08-07 07:28:40','2025-08-07 07:28:40'),(158,66,'admin','GET','127.0.0.1','[]','2025-08-07 07:29:49','2025-08-07 07:29:49'),(159,66,'admin/borrow-rooms','GET','127.0.0.1','{\"_pjax\":\"#pjax-container\"}','2025-08-07 07:29:54','2025-08-07 07:29:54'),(160,66,'admin/auth/logout','GET','127.0.0.1','{\"_pjax\":\"#pjax-container\"}','2025-08-07 07:30:02','2025-08-07 07:30:02'),(161,1,'admin','GET','127.0.0.1','[]','2025-08-07 07:30:17','2025-08-07 07:30:17'),(162,1,'admin/borrow-rooms','GET','127.0.0.1','{\"_pjax\":\"#pjax-container\"}','2025-08-07 07:30:23','2025-08-07 07:30:23'),(163,1,'admin/room-types','GET','127.0.0.1','{\"_pjax\":\"#pjax-container\"}','2025-08-07 07:30:36','2025-08-07 07:30:36'),(164,1,'admin/rooms','GET','127.0.0.1','{\"_pjax\":\"#pjax-container\"}','2025-08-07 07:30:38','2025-08-07 07:30:38'),(165,1,'admin/borrow-rooms','GET','127.0.0.1','{\"_pjax\":\"#pjax-container\"}','2025-08-07 07:30:39','2025-08-07 07:30:39'),(166,1,'admin/helpers/scaffold','GET','127.0.0.1','{\"_pjax\":\"#pjax-container\"}','2025-08-07 07:30:42','2025-08-07 07:30:42'),(167,1,'admin/helpers/terminal/database','GET','127.0.0.1','{\"_pjax\":\"#pjax-container\"}','2025-08-07 07:30:50','2025-08-07 07:30:50'),(168,1,'admin/helpers/terminal/artisan','GET','127.0.0.1','{\"_pjax\":\"#pjax-container\"}','2025-08-07 07:30:54','2025-08-07 07:30:54'),(169,1,'admin/helpers/routes','GET','127.0.0.1','{\"_pjax\":\"#pjax-container\"}','2025-08-07 07:31:12','2025-08-07 07:31:12'),(170,1,'admin/auth/users','GET','127.0.0.1','{\"_pjax\":\"#pjax-container\"}','2025-08-07 07:31:19','2025-08-07 07:31:19'),(171,1,'admin/auth/roles','GET','127.0.0.1','{\"_pjax\":\"#pjax-container\"}','2025-08-07 07:31:36','2025-08-07 07:31:36'),(172,1,'admin/auth/users','GET','127.0.0.1','{\"_pjax\":\"#pjax-container\"}','2025-08-07 07:31:47','2025-08-07 07:31:47'),(173,1,'admin/auth/users/67/edit','GET','127.0.0.1','{\"_pjax\":\"#pjax-container\"}','2025-08-07 07:31:50','2025-08-07 07:31:50'),(174,1,'admin/rooms','GET','127.0.0.1','{\"_pjax\":\"#pjax-container\"}','2025-08-07 07:31:58','2025-08-07 07:31:58'),(175,1,'admin/rooms','GET','127.0.0.1','[]','2025-08-07 07:33:13','2025-08-07 07:33:13'),(176,1,'admin/auth/logout','GET','127.0.0.1','{\"_pjax\":\"#pjax-container\"}','2025-08-07 07:33:19','2025-08-07 07:33:19'),(177,65,'admin','GET','127.0.0.1','[]','2025-08-07 07:33:31','2025-08-07 07:33:31'),(178,65,'admin/borrow-rooms','GET','127.0.0.1','{\"_pjax\":\"#pjax-container\"}','2025-08-07 07:33:40','2025-08-07 07:33:40'),(179,65,'admin/borrow-rooms/4/edit','GET','127.0.0.1','{\"_pjax\":\"#pjax-container\"}','2025-08-07 07:34:03','2025-08-07 07:34:03'),(180,65,'admin/borrow-rooms/4','PUT','127.0.0.1','{\"kepala_bidang_approval_status\":\"1\",\"_token\":\"rNnkGTQ5IXCPwMG5NT2kOx5JmcpAjmsgBUIaGEjz\",\"_method\":\"PUT\",\"_previous_\":\"http:\\/\\/127.0.0.1:8000\\/admin\\/borrow-rooms\"}','2025-08-07 07:34:11','2025-08-07 07:34:11'),(181,65,'admin/borrow-rooms','GET','127.0.0.1','[]','2025-08-07 07:34:11','2025-08-07 07:34:11'),(182,65,'admin/auth/logout','GET','127.0.0.1','{\"_pjax\":\"#pjax-container\"}','2025-08-07 07:34:27','2025-08-07 07:34:27'),(183,64,'admin','GET','127.0.0.1','[]','2025-08-07 07:34:37','2025-08-07 07:34:37'),(184,64,'admin/auth/users','GET','127.0.0.1','{\"_pjax\":\"#pjax-container\"}','2025-08-07 07:34:50','2025-08-07 07:34:50'),(185,64,'admin','GET','127.0.0.1','{\"_pjax\":\"#pjax-container\"}','2025-08-07 07:34:52','2025-08-07 07:34:52'),(186,64,'admin/room-types','GET','127.0.0.1','{\"_pjax\":\"#pjax-container\"}','2025-08-07 07:34:53','2025-08-07 07:34:53'),(187,64,'admin','GET','127.0.0.1','{\"_pjax\":\"#pjax-container\"}','2025-08-07 07:34:56','2025-08-07 07:34:56'),(188,64,'admin/rooms','GET','127.0.0.1','{\"_pjax\":\"#pjax-container\"}','2025-08-07 07:34:58','2025-08-07 07:34:58'),(189,64,'admin','GET','127.0.0.1','{\"_pjax\":\"#pjax-container\"}','2025-08-07 07:35:00','2025-08-07 07:35:00'),(190,64,'admin/borrow-rooms','GET','127.0.0.1','{\"_pjax\":\"#pjax-container\"}','2025-08-07 07:35:01','2025-08-07 07:35:01'),(191,64,'admin/borrow-rooms/4','GET','127.0.0.1','{\"_pjax\":\"#pjax-container\"}','2025-08-07 07:35:07','2025-08-07 07:35:07'),(192,64,'admin/borrow-rooms','GET','127.0.0.1','{\"_pjax\":\"#pjax-container\"}','2025-08-07 07:35:12','2025-08-07 07:35:12'),(193,64,'admin/borrow-rooms/4/edit','GET','127.0.0.1','{\"_pjax\":\"#pjax-container\"}','2025-08-07 07:35:14','2025-08-07 07:35:14'),(194,64,'admin/borrow-rooms/4','PUT','127.0.0.1','{\"admin_id\":null,\"admin_approval_status\":\"1\",\"processed_at\":null,\"returned_at\":null,\"notes\":null,\"_token\":\"NmLfMrDd2I55oqm1ninKEK3ef1ytY4rdK99IBI5O\",\"_method\":\"PUT\",\"_previous_\":\"http:\\/\\/127.0.0.1:8000\\/admin\\/borrow-rooms\"}','2025-08-07 07:35:22','2025-08-07 07:35:22'),(195,64,'admin/borrow-rooms','GET','127.0.0.1','[]','2025-08-07 07:35:23','2025-08-07 07:35:23'),(196,64,'admin/auth/logout','GET','127.0.0.1','{\"_pjax\":\"#pjax-container\"}','2025-08-07 07:35:32','2025-08-07 07:35:32'),(197,1,'admin','GET','127.0.0.1','[]','2025-08-07 07:35:43','2025-08-07 07:35:43'),(198,1,'admin/borrow-rooms','GET','127.0.0.1','{\"_pjax\":\"#pjax-container\"}','2025-08-07 07:35:50','2025-08-07 07:35:50'),(199,1,'admin/borrow-rooms/4/edit','GET','127.0.0.1','{\"_pjax\":\"#pjax-container\"}','2025-08-07 07:35:56','2025-08-07 07:35:56'),(200,1,'admin/borrow-rooms/4','PUT','127.0.0.1','{\"borrower_id\":\"67\",\"room_id\":\"26\",\"borrow_at\":\"2025-08-08 14:28\",\"until_at\":\"2025-08-09 14:29\",\"kepala_bidang_id\":\"65\",\"kepala_bidang_approval_status\":\"1\",\"admin_id\":\"64\",\"admin_approval_status\":\"1\",\"processed_at\":\"2025-08-07 00:00\",\"returned_at\":\"2025-08-07 00:00\",\"notes\":null,\"_token\":\"vEp7yq6Mj2Lm5dGCHUS8wa3EMMHUAJ1tbvmBLzhX\",\"_method\":\"PUT\",\"_previous_\":\"http:\\/\\/127.0.0.1:8000\\/admin\\/borrow-rooms\"}','2025-08-07 07:36:14','2025-08-07 07:36:14'),(201,1,'admin/borrow-rooms','GET','127.0.0.1','[]','2025-08-07 07:36:15','2025-08-07 07:36:15'),(202,1,'admin/borrow-rooms','GET','127.0.0.1','{\"_export_\":\"all\"}','2025-08-07 07:36:26','2025-08-07 07:36:26'),(203,1,'admin/auth/logout','GET','127.0.0.1','{\"_pjax\":\"#pjax-container\"}','2025-08-07 07:36:38','2025-08-07 07:36:38'),(204,68,'admin','GET','127.0.0.1','[]','2025-08-07 07:39:44','2025-08-07 07:39:44'),(205,68,'admin','GET','127.0.0.1','{\"_pjax\":\"#pjax-container\"}','2025-08-07 07:39:53','2025-08-07 07:39:53'),(206,68,'admin','GET','127.0.0.1','{\"_pjax\":\"#pjax-container\"}','2025-08-07 07:39:54','2025-08-07 07:39:54'),(207,68,'admin/rooms','GET','127.0.0.1','[]','2025-08-07 07:40:27','2025-08-07 07:40:27'),(208,68,'admin/auth/login','GET','127.0.0.1','[]','2025-08-07 07:50:40','2025-08-07 07:50:40'),(209,68,'admin','GET','127.0.0.1','[]','2025-08-07 07:50:41','2025-08-07 07:50:41'),(210,68,'admin/auth/logout','GET','127.0.0.1','{\"_pjax\":\"#pjax-container\"}','2025-08-07 07:50:48','2025-08-07 07:50:48'),(211,1,'admin','GET','127.0.0.1','[]','2025-08-08 01:25:56','2025-08-08 01:25:56'),(212,1,'admin/borrow-rooms','GET','127.0.0.1','{\"_pjax\":\"#pjax-container\"}','2025-08-08 01:26:06','2025-08-08 01:26:06'),(213,1,'admin/auth/users','GET','127.0.0.1','{\"_pjax\":\"#pjax-container\"}','2025-08-08 01:27:20','2025-08-08 01:27:20'),(214,1,'admin/auth/roles','GET','127.0.0.1','{\"_pjax\":\"#pjax-container\"}','2025-08-08 01:27:26','2025-08-08 01:27:26'),(215,1,'admin/borrow-rooms','GET','127.0.0.1','{\"_pjax\":\"#pjax-container\"}','2025-08-08 01:27:28','2025-08-08 01:27:28'),(216,1,'admin/rooms','GET','127.0.0.1','{\"_pjax\":\"#pjax-container\"}','2025-08-08 01:27:29','2025-08-08 01:27:29'),(217,1,'admin','GET','127.0.0.1','{\"_pjax\":\"#pjax-container\"}','2025-08-08 01:28:08','2025-08-08 01:28:08'),(218,1,'admin/room-types','GET','127.0.0.1','{\"_pjax\":\"#pjax-container\"}','2025-08-08 01:28:10','2025-08-08 01:28:10'),(219,1,'admin/rooms','GET','127.0.0.1','{\"_pjax\":\"#pjax-container\"}','2025-08-08 01:28:11','2025-08-08 01:28:11'),(220,1,'admin/borrow-rooms','GET','127.0.0.1','{\"_pjax\":\"#pjax-container\"}','2025-08-08 01:28:12','2025-08-08 01:28:12'),(221,1,'admin','GET','127.0.0.1','{\"_pjax\":\"#pjax-container\"}','2025-08-08 01:28:17','2025-08-08 01:28:17'),(222,1,'admin/room-types','GET','127.0.0.1','{\"_pjax\":\"#pjax-container\"}','2025-08-08 01:28:18','2025-08-08 01:28:18'),(223,1,'admin','GET','127.0.0.1','{\"_pjax\":\"#pjax-container\"}','2025-08-08 01:28:20','2025-08-08 01:28:20'),(224,1,'admin/room-types','GET','127.0.0.1','{\"_pjax\":\"#pjax-container\"}','2025-08-08 01:28:38','2025-08-08 01:28:38'),(225,1,'admin/room-types','GET','127.0.0.1','[]','2025-08-08 04:00:15','2025-08-08 04:00:15'),(226,1,'admin/auth/logout','GET','127.0.0.1','{\"_pjax\":\"#pjax-container\"}','2025-08-08 04:00:23','2025-08-08 04:00:23'),(227,1,'admin','GET','127.0.0.1','[]','2025-08-08 07:21:14','2025-08-08 07:21:14'),(228,1,'admin/auth/users','GET','127.0.0.1','{\"_pjax\":\"#pjax-container\"}','2025-08-08 07:21:21','2025-08-08 07:21:21'),(229,1,'admin/auth/login','GET','127.0.0.1','[]','2025-08-11 02:39:12','2025-08-11 02:39:12'),(230,1,'admin/auth/login','GET','127.0.0.1','[]','2025-08-11 02:39:18','2025-08-11 02:39:18'),(231,1,'admin/auth/login','GET','127.0.0.1','[]','2025-08-11 02:39:19','2025-08-11 02:39:19'),(232,1,'admin/auth/login','GET','127.0.0.1','[]','2025-08-11 02:39:20','2025-08-11 02:39:20'),(233,1,'admin','GET','127.0.0.1','[]','2025-08-11 02:39:21','2025-08-11 02:39:21'),(234,1,'admin','GET','127.0.0.1','[]','2025-08-11 02:39:34','2025-08-11 02:39:34'),(235,1,'admin/auth/login','GET','127.0.0.1','[]','2025-08-11 02:39:55','2025-08-11 02:39:55'),(236,1,'admin','GET','127.0.0.1','[]','2025-08-11 02:39:55','2025-08-11 02:39:55'),(237,1,'admin/auth/users','GET','127.0.0.1','{\"_pjax\":\"#pjax-container\"}','2025-08-11 02:40:08','2025-08-11 02:40:08'),(238,1,'admin/room-types','GET','127.0.0.1','{\"_pjax\":\"#pjax-container\"}','2025-08-11 02:40:19','2025-08-11 02:40:19'),(239,1,'admin/rooms','GET','127.0.0.1','{\"_pjax\":\"#pjax-container\"}','2025-08-11 02:40:20','2025-08-11 02:40:20'),(240,1,'admin/helpers/scaffold','GET','127.0.0.1','{\"_pjax\":\"#pjax-container\"}','2025-08-11 02:40:23','2025-08-11 02:40:23'),(241,1,'admin/auth/users','GET','127.0.0.1','{\"_pjax\":\"#pjax-container\"}','2025-08-11 02:40:26','2025-08-11 02:40:26'),(242,1,'admin/auth/login','GET','127.0.0.1','[]','2025-08-11 02:42:17','2025-08-11 02:42:17'),(243,1,'admin','GET','127.0.0.1','[]','2025-08-11 02:42:17','2025-08-11 02:42:17'),(244,1,'admin/auth/logout','GET','127.0.0.1','{\"_pjax\":\"#pjax-container\"}','2025-08-11 02:42:22','2025-08-11 02:42:22'),(245,1,'admin','GET','127.0.0.1','[]','2025-08-11 02:42:35','2025-08-11 02:42:35'),(246,1,'admin/borrow-rooms','GET','127.0.0.1','{\"_pjax\":\"#pjax-container\"}','2025-08-11 02:42:42','2025-08-11 02:42:42'),(247,1,'admin/borrow-rooms/6/edit','GET','127.0.0.1','{\"_pjax\":\"#pjax-container\"}','2025-08-11 02:42:55','2025-08-11 02:42:55'),(248,1,'admin/borrow-rooms/6','PUT','127.0.0.1','{\"borrower_id\":\"69\",\"room_id\":\"31\",\"borrow_at\":\"2025-08-13 09:40\",\"until_at\":\"2025-08-14 09:40\",\"kepala_bidang_id\":\"65\",\"kepala_bidang_approval_status\":\"1\",\"admin_id\":null,\"admin_approval_status\":\"1\",\"processed_at\":\"2025-08-11 00:00\",\"returned_at\":null,\"notes\":null,\"_token\":\"12EUKIFt11nJu3WGnTleZtAmto66pynfC0CaSkby\",\"_method\":\"PUT\",\"_previous_\":\"http:\\/\\/127.0.0.1:8000\\/admin\\/borrow-rooms\"}','2025-08-11 02:43:13','2025-08-11 02:43:13'),(249,1,'admin/borrow-rooms','GET','127.0.0.1','[]','2025-08-11 02:43:13','2025-08-11 02:43:13'),(250,1,'admin/auth/login','GET','127.0.0.1','[]','2025-08-19 04:47:42','2025-08-19 04:47:42'),(251,1,'admin','GET','127.0.0.1','[]','2025-08-19 04:47:42','2025-08-19 04:47:42'),(252,1,'admin/borrow-rooms','GET','127.0.0.1','{\"_pjax\":\"#pjax-container\"}','2025-08-19 04:47:48','2025-08-19 04:47:48'),(253,1,'admin/auth/logout','GET','127.0.0.1','{\"_pjax\":\"#pjax-container\"}','2025-08-19 04:48:01','2025-08-19 04:48:01'),(254,64,'admin','GET','127.0.0.1','[]','2025-08-19 04:48:22','2025-08-19 04:48:22'),(255,64,'admin','GET','127.0.0.1','{\"_pjax\":\"#pjax-container\"}','2025-08-19 04:48:26','2025-08-19 04:48:26'),(256,64,'admin/room-types','GET','127.0.0.1','{\"_pjax\":\"#pjax-container\"}','2025-08-19 04:48:29','2025-08-19 04:48:29'),(257,64,'admin/rooms','GET','127.0.0.1','{\"_pjax\":\"#pjax-container\"}','2025-08-19 04:48:31','2025-08-19 04:48:31'),(258,64,'admin/borrow-rooms','GET','127.0.0.1','{\"_pjax\":\"#pjax-container\"}','2025-08-19 04:48:35','2025-08-19 04:48:35'),(259,64,'admin/rooms','GET','127.0.0.1','{\"_pjax\":\"#pjax-container\"}','2025-08-19 04:48:37','2025-08-19 04:48:37'),(260,64,'admin/auth/logout','GET','127.0.0.1','{\"_pjax\":\"#pjax-container\"}','2025-08-19 04:48:42','2025-08-19 04:48:42'),(261,1,'admin','GET','127.0.0.1','[]','2025-08-19 04:48:46','2025-08-19 04:48:46'),(262,1,'admin/auth/users','GET','127.0.0.1','{\"_pjax\":\"#pjax-container\"}','2025-08-19 04:48:51','2025-08-19 04:48:51'),(263,1,'admin/auth/roles','GET','127.0.0.1','{\"_pjax\":\"#pjax-container\"}','2025-08-19 04:48:54','2025-08-19 04:48:54'),(264,1,'admin/auth/permissions','GET','127.0.0.1','{\"_pjax\":\"#pjax-container\"}','2025-08-19 04:49:10','2025-08-19 04:49:10'),(265,1,'admin/auth/menu','GET','127.0.0.1','{\"_pjax\":\"#pjax-container\"}','2025-08-19 04:49:17','2025-08-19 04:49:17'),(266,1,'admin/helpers/scaffold','GET','127.0.0.1','{\"_pjax\":\"#pjax-container\"}','2025-08-19 04:49:29','2025-08-19 04:49:29'),(267,1,'admin/helpers/terminal/database','GET','127.0.0.1','{\"_pjax\":\"#pjax-container\"}','2025-08-19 04:49:33','2025-08-19 04:49:33'),(268,1,'admin/helpers/terminal/artisan','GET','127.0.0.1','{\"_pjax\":\"#pjax-container\"}','2025-08-19 04:49:35','2025-08-19 04:49:35'),(269,1,'admin/helpers/routes','GET','127.0.0.1','{\"_pjax\":\"#pjax-container\"}','2025-08-19 04:49:37','2025-08-19 04:49:37'),(270,1,'admin','GET','127.0.0.1','{\"_pjax\":\"#pjax-container\"}','2025-08-19 04:49:41','2025-08-19 04:49:41'),(271,1,'admin/auth/users','GET','127.0.0.1','{\"_pjax\":\"#pjax-container\"}','2025-08-19 04:49:47','2025-08-19 04:49:47'),(272,1,'admin/auth/logout','GET','127.0.0.1','{\"_pjax\":\"#pjax-container\"}','2025-08-19 04:49:55','2025-08-19 04:49:55'),(273,65,'admin','GET','127.0.0.1','[]','2025-08-19 04:50:03','2025-08-19 04:50:03'),(274,65,'admin/room-types','GET','127.0.0.1','{\"_pjax\":\"#pjax-container\"}','2025-08-19 04:50:06','2025-08-19 04:50:06'),(275,65,'admin/rooms','GET','127.0.0.1','{\"_pjax\":\"#pjax-container\"}','2025-08-19 04:50:09','2025-08-19 04:50:09'),(276,65,'admin/borrow-rooms','GET','127.0.0.1','{\"_pjax\":\"#pjax-container\"}','2025-08-19 04:50:11','2025-08-19 04:50:11'),(277,65,'admin/borrow-rooms/4/edit','GET','127.0.0.1','{\"_pjax\":\"#pjax-container\"}','2025-08-19 04:50:20','2025-08-19 04:50:20'),(278,65,'admin/borrow-rooms/4','PUT','127.0.0.1','{\"kepala_bidang_approval_status\":\"1\",\"_token\":\"DsZoLalWano9fT7Ze7amFGB9BCIa5Xymv10RHmaj\",\"_method\":\"PUT\",\"_previous_\":\"http:\\/\\/127.0.0.1:8000\\/admin\\/borrow-rooms\"}','2025-08-19 04:50:25','2025-08-19 04:50:25'),(279,65,'admin/borrow-rooms','GET','127.0.0.1','[]','2025-08-19 04:50:25','2025-08-19 04:50:25'),(280,65,'admin/borrow-rooms/5/edit','GET','127.0.0.1','{\"_pjax\":\"#pjax-container\"}','2025-08-19 04:50:33','2025-08-19 04:50:33'),(281,65,'admin/borrow-rooms/5','PUT','127.0.0.1','{\"kepala_bidang_approval_status\":\"1\",\"_token\":\"DsZoLalWano9fT7Ze7amFGB9BCIa5Xymv10RHmaj\",\"_method\":\"PUT\",\"_previous_\":\"http:\\/\\/127.0.0.1:8000\\/admin\\/borrow-rooms\"}','2025-08-19 04:50:36','2025-08-19 04:50:36'),(282,65,'admin/borrow-rooms','GET','127.0.0.1','[]','2025-08-19 04:50:36','2025-08-19 04:50:36'),(283,65,'admin/auth/login','GET','127.0.0.1','[]','2025-08-22 02:22:27','2025-08-22 02:22:27'),(284,65,'admin','GET','127.0.0.1','[]','2025-08-22 02:22:27','2025-08-22 02:22:27'),(285,65,'admin/auth/setting','GET','127.0.0.1','{\"_pjax\":\"#pjax-container\"}','2025-08-22 02:22:45','2025-08-22 02:22:45'),(286,65,'admin/auth/logout','GET','127.0.0.1','{\"_pjax\":\"#pjax-container\"}','2025-08-22 02:23:06','2025-08-22 02:23:06'),(287,1,'admin','GET','127.0.0.1','[]','2025-08-26 00:52:53','2025-08-26 00:52:53'),(288,1,'admin/borrow-rooms','GET','127.0.0.1','{\"_pjax\":\"#pjax-container\"}','2025-08-26 00:53:07','2025-08-26 00:53:07'),(289,1,'admin/borrow-rooms/6','GET','127.0.0.1','{\"_pjax\":\"#pjax-container\"}','2025-08-26 01:08:27','2025-08-26 01:08:27'),(290,1,'admin/borrow-rooms/6/edit','GET','127.0.0.1','{\"_pjax\":\"#pjax-container\"}','2025-08-26 01:08:40','2025-08-26 01:08:40'),(291,1,'admin/borrow-rooms/6','PUT','127.0.0.1','{\"borrower_id\":\"69\",\"room_id\":\"31\",\"borrow_at\":\"2025-08-13 09:40\",\"until_at\":\"2025-08-14 09:40\",\"kepala_bidang_id\":\"65\",\"kepala_bidang_approval_status\":\"1\",\"admin_id\":\"1\",\"admin_approval_status\":\"1\",\"processed_at\":\"2025-08-11 00:00\",\"returned_at\":\"2025-08-25 10:00\",\"notes\":null,\"_token\":\"oa171luzZvvgDmFrKVLcVkXUgKHW6L0EfgysI2vf\",\"_method\":\"PUT\",\"_previous_\":\"http:\\/\\/127.0.0.1:8000\\/admin\\/borrow-rooms\\/6\"}','2025-08-26 01:09:07','2025-08-26 01:09:07'),(292,1,'admin/borrow-rooms/6','GET','127.0.0.1','[]','2025-08-26 01:09:08','2025-08-26 01:09:08'),(293,1,'admin/borrow-rooms','GET','127.0.0.1','{\"_pjax\":\"#pjax-container\"}','2025-08-26 01:09:12','2025-08-26 01:09:12'),(294,1,'admin/helpers/scaffold','GET','127.0.0.1','{\"_pjax\":\"#pjax-container\"}','2025-08-26 01:09:28','2025-08-26 01:09:28'),(295,1,'admin/helpers/terminal/database','GET','127.0.0.1','{\"_pjax\":\"#pjax-container\"}','2025-08-26 01:10:16','2025-08-26 01:10:16'),(296,1,'admin/helpers/terminal/artisan','GET','127.0.0.1','{\"_pjax\":\"#pjax-container\"}','2025-08-26 01:10:19','2025-08-26 01:10:19'),(297,1,'admin/helpers/routes','GET','127.0.0.1','{\"_pjax\":\"#pjax-container\"}','2025-08-26 01:10:28','2025-08-26 01:10:28'),(298,1,'admin/auth/users','GET','127.0.0.1','{\"_pjax\":\"#pjax-container\"}','2025-08-26 01:11:00','2025-08-26 01:11:00'),(299,1,'admin/auth/roles','GET','127.0.0.1','{\"_pjax\":\"#pjax-container\"}','2025-08-26 01:11:11','2025-08-26 01:11:11'),(300,1,'admin/auth/roles','GET','127.0.0.1','{\"_pjax\":\"#pjax-container\"}','2025-08-26 01:11:14','2025-08-26 01:11:14'),(301,1,'admin/auth/roles','GET','127.0.0.1','[]','2025-08-26 01:11:21','2025-08-26 01:11:21'),(302,1,'admin/auth/logout','GET','127.0.0.1','{\"_pjax\":\"#pjax-container\"}','2025-08-26 01:11:25','2025-08-26 01:11:25'),(303,64,'admin','GET','127.0.0.1','[]','2025-08-26 01:11:36','2025-08-26 01:11:36'),(304,64,'admin/room-types','GET','127.0.0.1','{\"_pjax\":\"#pjax-container\"}','2025-08-26 01:11:43','2025-08-26 01:11:43'),(305,64,'admin/rooms','GET','127.0.0.1','{\"_pjax\":\"#pjax-container\"}','2025-08-26 01:11:47','2025-08-26 01:11:47'),(306,64,'admin/borrow-rooms','GET','127.0.0.1','{\"_pjax\":\"#pjax-container\"}','2025-08-26 01:11:52','2025-08-26 01:11:52'),(307,64,'admin/rooms','GET','127.0.0.1','{\"_pjax\":\"#pjax-container\"}','2025-08-26 01:11:55','2025-08-26 01:11:55'),(308,64,'admin/rooms/32/edit','GET','127.0.0.1','{\"_pjax\":\"#pjax-container\"}','2025-08-26 01:12:04','2025-08-26 01:12:04'),(309,64,'admin/rooms/32','PUT','127.0.0.1','{\"name\":\"Rapat Subbag Umum\",\"room_type_id\":\"30\",\"max_people\":\"20\",\"status\":\"0\",\"notes\":null,\"_token\":\"mPIHSzRElmpz6OPCBIfN5sy7JExzpt00DINLwaII\",\"_method\":\"PUT\",\"_previous_\":\"http:\\/\\/127.0.0.1:8000\\/admin\\/rooms\"}','2025-08-26 01:12:13','2025-08-26 01:12:13'),(310,64,'admin/rooms','GET','127.0.0.1','[]','2025-08-26 01:12:13','2025-08-26 01:12:13'),(311,64,'admin/borrow-rooms','GET','127.0.0.1','{\"_pjax\":\"#pjax-container\"}','2025-08-26 01:12:21','2025-08-26 01:12:21'),(312,64,'admin/borrow-rooms','GET','127.0.0.1','[]','2025-08-26 01:28:39','2025-08-26 01:28:39'),(313,64,'admin/borrow-rooms','GET','127.0.0.1','[]','2025-08-26 01:29:32','2025-08-26 01:29:32'),(314,64,'admin/borrow-rooms/5/edit','GET','127.0.0.1','{\"_pjax\":\"#pjax-container\"}','2025-08-26 01:29:53','2025-08-26 01:29:53'),(315,64,'admin/borrow-rooms/5','PUT','127.0.0.1','{\"admin_id\":null,\"admin_approval_status\":\"1\",\"processed_at\":null,\"returned_at\":null,\"notes\":null,\"_token\":\"mPIHSzRElmpz6OPCBIfN5sy7JExzpt00DINLwaII\",\"_method\":\"PUT\",\"_previous_\":\"http:\\/\\/127.0.0.1:8000\\/admin\\/borrow-rooms\"}','2025-08-26 01:30:03','2025-08-26 01:30:03'),(316,64,'admin/borrow-rooms','GET','127.0.0.1','[]','2025-08-26 01:30:04','2025-08-26 01:30:04'),(317,64,'admin/borrow-rooms','GET','127.0.0.1','{\"_pjax\":\"#pjax-container\"}','2025-08-26 01:30:11','2025-08-26 01:30:11'),(318,64,'admin/rooms','GET','127.0.0.1','{\"_pjax\":\"#pjax-container\"}','2025-08-26 01:30:14','2025-08-26 01:30:14'),(319,64,'admin','GET','127.0.0.1','{\"_pjax\":\"#pjax-container\"}','2025-08-26 01:30:21','2025-08-26 01:30:21'),(320,64,'admin/rooms','GET','127.0.0.1','{\"_pjax\":\"#pjax-container\"}','2025-08-26 01:30:22','2025-08-26 01:30:22'),(321,64,'admin/auth/logout','GET','127.0.0.1','{\"_pjax\":\"#pjax-container\"}','2025-08-26 01:34:42','2025-08-26 01:34:42'),(322,1,'admin','GET','127.0.0.1','[]','2025-08-26 01:34:47','2025-08-26 01:34:47'),(323,1,'admin/borrow-rooms','GET','127.0.0.1','{\"_pjax\":\"#pjax-container\"}','2025-08-26 01:34:55','2025-08-26 01:34:55'),(324,1,'admin/rooms','GET','127.0.0.1','{\"_pjax\":\"#pjax-container\"}','2025-08-26 01:34:56','2025-08-26 01:34:56'),(325,1,'admin/borrow-rooms','GET','127.0.0.1','{\"_pjax\":\"#pjax-container\"}','2025-08-26 01:34:57','2025-08-26 01:34:57'),(326,1,'admin/auth/logout','GET','127.0.0.1','{\"_pjax\":\"#pjax-container\"}','2025-08-26 01:35:02','2025-08-26 01:35:02'),(327,65,'admin','GET','127.0.0.1','[]','2025-08-26 01:35:30','2025-08-26 01:35:30'),(328,65,'admin/room-types','GET','127.0.0.1','{\"_pjax\":\"#pjax-container\"}','2025-08-26 01:35:38','2025-08-26 01:35:38'),(329,65,'admin/rooms','GET','127.0.0.1','{\"_pjax\":\"#pjax-container\"}','2025-08-26 01:35:40','2025-08-26 01:35:40'),(330,65,'admin/rooms/31','GET','127.0.0.1','{\"_pjax\":\"#pjax-container\"}','2025-08-26 01:35:46','2025-08-26 01:35:46'),(331,65,'admin/rooms','GET','127.0.0.1','{\"_pjax\":\"#pjax-container\"}','2025-08-26 01:35:50','2025-08-26 01:35:50'),(332,65,'admin/borrow-rooms','GET','127.0.0.1','{\"_pjax\":\"#pjax-container\"}','2025-08-26 01:35:52','2025-08-26 01:35:52'),(333,65,'admin/borrow-rooms/5/edit','GET','127.0.0.1','{\"_pjax\":\"#pjax-container\"}','2025-08-26 01:35:56','2025-08-26 01:35:56'),(334,65,'admin/borrow-rooms/5','PUT','127.0.0.1','{\"kepala_bidang_approval_status\":\"1\",\"_token\":\"ufB3bH5sli5m0njIvdeYqMGL8yUDol8OpFkc6hDy\",\"_method\":\"PUT\",\"_previous_\":\"http:\\/\\/127.0.0.1:8000\\/admin\\/borrow-rooms\"}','2025-08-26 01:36:01','2025-08-26 01:36:01'),(335,65,'admin/borrow-rooms','GET','127.0.0.1','[]','2025-08-26 01:36:02','2025-08-26 01:36:02'),(336,65,'admin/auth/logout','GET','127.0.0.1','{\"_pjax\":\"#pjax-container\"}','2025-08-26 01:36:09','2025-08-26 01:36:09'),(337,1,'admin','GET','127.0.0.1','[]','2025-08-26 01:36:15','2025-08-26 01:36:15'),(338,1,'admin/borrow-rooms','GET','127.0.0.1','{\"_pjax\":\"#pjax-container\"}','2025-08-26 01:36:22','2025-08-26 01:36:22'),(339,1,'admin/borrow-rooms/5/edit','GET','127.0.0.1','{\"_pjax\":\"#pjax-container\"}','2025-08-26 01:36:24','2025-08-26 01:36:24'),(340,1,'admin/borrow-rooms/5','PUT','127.0.0.1','{\"borrower_id\":\"68\",\"room_id\":\"32\",\"borrow_at\":\"2025-09-01 07:30\",\"until_at\":\"2025-09-01 16:00\",\"kepala_bidang_id\":\"65\",\"kepala_bidang_approval_status\":\"1\",\"admin_id\":\"64\",\"admin_approval_status\":\"1\",\"processed_at\":\"2025-08-25 00:00\",\"returned_at\":\"2025-08-26 00:00\",\"notes\":null,\"_token\":\"IoXmuWNXAMsWPrB9419VfWuaTiy6v1cNptefVgjd\",\"_method\":\"PUT\",\"_previous_\":\"http:\\/\\/127.0.0.1:8000\\/admin\\/borrow-rooms\"}','2025-08-26 01:36:45','2025-08-26 01:36:45'),(341,1,'admin/borrow-rooms','GET','127.0.0.1','[]','2025-08-26 01:36:46','2025-08-26 01:36:46'),(342,1,'admin/auth/logout','GET','127.0.0.1','{\"_pjax\":\"#pjax-container\"}','2025-08-26 01:37:02','2025-08-26 01:37:02'),(343,66,'admin','GET','127.0.0.1','[]','2025-08-26 01:37:54','2025-08-26 01:37:54'),(344,66,'admin/borrow-rooms','GET','127.0.0.1','{\"_pjax\":\"#pjax-container\"}','2025-08-26 01:37:57','2025-08-26 01:37:57'),(345,66,'admin','GET','127.0.0.1','{\"_pjax\":\"#pjax-container\"}','2025-08-26 01:38:09','2025-08-26 01:38:09'),(346,66,'admin/auth/users','GET','127.0.0.1','{\"_pjax\":\"#pjax-container\"}','2025-08-26 01:38:11','2025-08-26 01:38:11'),(347,66,'admin','GET','127.0.0.1','{\"_pjax\":\"#pjax-container\"}','2025-08-26 01:38:12','2025-08-26 01:38:12'),(348,66,'admin/borrow-rooms','GET','127.0.0.1','{\"_pjax\":\"#pjax-container\"}','2025-08-26 01:38:24','2025-08-26 01:38:24'),(349,66,'admin/auth/logout','GET','127.0.0.1','{\"_pjax\":\"#pjax-container\"}','2025-08-26 01:38:27','2025-08-26 01:38:27'),(350,66,'admin','GET','127.0.0.1','[]','2025-08-26 01:39:13','2025-08-26 01:39:13'),(351,66,'admin/borrow-rooms','GET','127.0.0.1','{\"_pjax\":\"#pjax-container\"}','2025-08-26 01:39:15','2025-08-26 01:39:15'),(352,66,'admin','GET','127.0.0.1','{\"_pjax\":\"#pjax-container\"}','2025-08-26 01:39:17','2025-08-26 01:39:17'),(353,66,'admin/borrow-rooms','GET','127.0.0.1','{\"_pjax\":\"#pjax-container\"}','2025-08-26 01:40:25','2025-08-26 01:40:25'),(354,66,'admin/borrow-rooms','GET','127.0.0.1','{\"_pjax\":\"#pjax-container\",\"_export_\":\"all\"}','2025-08-26 01:40:32','2025-08-26 01:40:32'),(355,66,'admin/auth/logout','GET','127.0.0.1','{\"_pjax\":\"#pjax-container\"}','2025-08-26 01:40:39','2025-08-26 01:40:39'),(356,1,'admin','GET','127.0.0.1','[]','2025-08-26 01:40:44','2025-08-26 01:40:44'),(357,1,'admin/borrow-rooms','GET','127.0.0.1','{\"_pjax\":\"#pjax-container\"}','2025-08-26 01:40:48','2025-08-26 01:40:48'),(358,1,'admin/auth/logout','GET','127.0.0.1','{\"_pjax\":\"#pjax-container\"}','2025-08-26 01:43:23','2025-08-26 01:43:23'),(359,67,'admin','GET','127.0.0.1','[]','2025-08-26 01:43:35','2025-08-26 01:43:35'),(360,67,'admin','GET','127.0.0.1','{\"_pjax\":\"#pjax-container\"}','2025-08-26 01:43:37','2025-08-26 01:43:37'),(361,67,'admin/auth/logout','GET','127.0.0.1','{\"_pjax\":\"#pjax-container\"}','2025-08-26 01:44:38','2025-08-26 01:44:38'),(362,70,'admin','GET','127.0.0.1','[]','2025-08-26 01:44:43','2025-08-26 01:44:43'),(363,70,'admin','GET','127.0.0.1','[]','2025-08-26 01:47:47','2025-08-26 01:47:47'),(364,70,'admin/borrow-rooms','GET','127.0.0.1','{\"_pjax\":\"#pjax-container\"}','2025-08-26 01:47:56','2025-08-26 01:47:56'),(365,70,'admin','GET','127.0.0.1','{\"_pjax\":\"#pjax-container\"}','2025-08-26 01:47:58','2025-08-26 01:47:58'),(366,70,'admin','GET','127.0.0.1','[]','2025-08-26 01:48:23','2025-08-26 01:48:23'),(367,70,'admin/borrow-rooms','GET','127.0.0.1','{\"_pjax\":\"#pjax-container\"}','2025-08-26 01:48:27','2025-08-26 01:48:27'),(368,70,'admin','GET','127.0.0.1','{\"_pjax\":\"#pjax-container\"}','2025-08-26 01:48:29','2025-08-26 01:48:29'),(369,70,'admin/auth/setting','GET','127.0.0.1','{\"_pjax\":\"#pjax-container\"}','2025-08-26 01:48:31','2025-08-26 01:48:31'),(370,70,'admin/auth/setting','PUT','127.0.0.1','{\"name\":\"AZKAL2\",\"password\":\"1234\",\"password_confirmation\":\"1234\",\"_token\":\"B03PYNRyjrbPANATPKtxHBMo531RCjlWFdX8sYla\",\"_method\":\"PUT\",\"_previous_\":\"http:\\/\\/127.0.0.1:8000\\/admin\"}','2025-08-26 01:48:44','2025-08-26 01:48:44'),(371,70,'admin/auth/setting','GET','127.0.0.1','[]','2025-08-26 01:48:44','2025-08-26 01:48:44'),(372,70,'admin','GET','127.0.0.1','{\"_pjax\":\"#pjax-container\"}','2025-08-26 01:48:47','2025-08-26 01:48:47'),(373,70,'admin/auth/logout','GET','127.0.0.1','{\"_pjax\":\"#pjax-container\"}','2025-08-26 01:49:42','2025-08-26 01:49:42'),(374,70,'admin','GET','127.0.0.1','[]','2025-08-26 01:49:47','2025-08-26 01:49:47'),(375,70,'admin/auth/logout','GET','127.0.0.1','{\"_pjax\":\"#pjax-container\"}','2025-08-26 01:50:50','2025-08-26 01:50:50'),(376,65,'admin','GET','127.0.0.1','[]','2025-08-26 01:50:59','2025-08-26 01:50:59'),(377,65,'admin/borrow-rooms','GET','127.0.0.1','{\"_pjax\":\"#pjax-container\"}','2025-08-26 01:51:03','2025-08-26 01:51:03'),(378,65,'admin/borrow-rooms/7/edit','GET','127.0.0.1','{\"_pjax\":\"#pjax-container\"}','2025-08-26 01:51:08','2025-08-26 01:51:08'),(379,65,'admin/borrow-rooms/7','PUT','127.0.0.1','{\"kepala_bidang_approval_status\":\"2\",\"_token\":\"LFLn4Iwnw1oLjxyP2nMmjc6AFmJv1rqVBQSUB640\",\"_method\":\"PUT\",\"_previous_\":\"http:\\/\\/127.0.0.1:8000\\/admin\\/borrow-rooms\"}','2025-08-26 01:51:14','2025-08-26 01:51:14'),(380,65,'admin/borrow-rooms','GET','127.0.0.1','[]','2025-08-26 01:51:15','2025-08-26 01:51:15'),(381,65,'admin/auth/logout','GET','127.0.0.1','{\"_pjax\":\"#pjax-container\"}','2025-08-26 01:51:23','2025-08-26 01:51:23'),(382,1,'admin','GET','127.0.0.1','[]','2025-08-26 01:51:27','2025-08-26 01:51:27'),(383,1,'admin/auth/logout','GET','127.0.0.1','{\"_pjax\":\"#pjax-container\"}','2025-08-26 01:52:20','2025-08-26 01:52:20'),(384,70,'admin','GET','127.0.0.1','[]','2025-08-26 01:52:28','2025-08-26 01:52:28'),(385,70,'admin/borrow-rooms','GET','127.0.0.1','{\"_pjax\":\"#pjax-container\"}','2025-08-26 01:52:30','2025-08-26 01:52:30'),(386,70,'admin/auth/logout','GET','127.0.0.1','{\"_pjax\":\"#pjax-container\"}','2025-08-26 01:52:59','2025-08-26 01:52:59'),(387,66,'admin','GET','127.0.0.1','[]','2025-08-26 01:53:09','2025-08-26 01:53:09'),(388,66,'admin/borrow-rooms','GET','127.0.0.1','{\"_pjax\":\"#pjax-container\"}','2025-08-26 01:53:11','2025-08-26 01:53:11'),(389,66,'admin/auth/logout','GET','127.0.0.1','{\"_pjax\":\"#pjax-container\"}','2025-08-26 01:56:04','2025-08-26 01:56:04'),(390,70,'admin','GET','127.0.0.1','[]','2025-08-26 01:56:13','2025-08-26 01:56:13'),(391,70,'admin/borrow-rooms','GET','127.0.0.1','{\"_pjax\":\"#pjax-container\"}','2025-08-26 01:56:16','2025-08-26 01:56:16'),(392,70,'admin/borrow-rooms/7','GET','127.0.0.1','{\"_pjax\":\"#pjax-container\"}','2025-08-26 01:56:29','2025-08-26 01:56:29'),(393,70,'admin/borrow-rooms','GET','127.0.0.1','{\"_pjax\":\"#pjax-container\"}','2025-08-26 01:56:36','2025-08-26 01:56:36'),(394,70,'admin/auth/logout','GET','127.0.0.1','{\"_pjax\":\"#pjax-container\"}','2025-08-26 01:56:39','2025-08-26 01:56:39'),(395,65,'admin','GET','127.0.0.1','[]','2025-08-26 01:56:50','2025-08-26 01:56:50'),(396,65,'admin/borrow-rooms','GET','127.0.0.1','{\"_pjax\":\"#pjax-container\"}','2025-08-26 01:56:54','2025-08-26 01:56:54'),(397,65,'admin/borrow-rooms/7/edit','GET','127.0.0.1','{\"_pjax\":\"#pjax-container\"}','2025-08-26 01:56:57','2025-08-26 01:56:57'),(398,65,'admin/borrow-rooms/7','PUT','127.0.0.1','{\"kepala_bidang_approval_status\":\"1\",\"_token\":\"w5RAQMPwQb0us68CtnWKPj48BzrnLhlUJr2tKt6k\",\"_method\":\"PUT\",\"_previous_\":\"http:\\/\\/127.0.0.1:8000\\/admin\\/borrow-rooms\"}','2025-08-26 01:56:59','2025-08-26 01:56:59'),(399,65,'admin/borrow-rooms','GET','127.0.0.1','[]','2025-08-26 01:56:59','2025-08-26 01:56:59'),(400,65,'admin/room-types','GET','127.0.0.1','{\"_pjax\":\"#pjax-container\"}','2025-08-26 01:57:08','2025-08-26 01:57:08'),(401,65,'admin/rooms','GET','127.0.0.1','{\"_pjax\":\"#pjax-container\"}','2025-08-26 01:57:10','2025-08-26 01:57:10'),(402,65,'admin/rooms/26','GET','127.0.0.1','{\"_pjax\":\"#pjax-container\"}','2025-08-26 01:57:17','2025-08-26 01:57:17'),(403,65,'admin/room-types','GET','127.0.0.1','{\"_pjax\":\"#pjax-container\"}','2025-08-26 01:57:23','2025-08-26 01:57:23'),(404,65,'admin/room-types/24','GET','127.0.0.1','{\"_pjax\":\"#pjax-container\"}','2025-08-26 01:57:30','2025-08-26 01:57:30'),(405,65,'admin/room-types','GET','127.0.0.1','{\"_pjax\":\"#pjax-container\"}','2025-08-26 01:57:33','2025-08-26 01:57:33'),(406,65,'admin/auth/logout','GET','127.0.0.1','{\"_pjax\":\"#pjax-container\"}','2025-08-26 01:57:35','2025-08-26 01:57:35'),(407,64,'admin','GET','127.0.0.1','[]','2025-08-26 01:57:44','2025-08-26 01:57:44'),(408,64,'admin/borrow-rooms','GET','127.0.0.1','{\"_pjax\":\"#pjax-container\"}','2025-08-26 01:57:51','2025-08-26 01:57:51'),(409,64,'admin/rooms','GET','127.0.0.1','{\"_pjax\":\"#pjax-container\"}','2025-08-26 01:58:05','2025-08-26 01:58:05'),(410,64,'admin/borrow-rooms','GET','127.0.0.1','{\"_pjax\":\"#pjax-container\"}','2025-08-26 01:58:10','2025-08-26 01:58:10'),(411,64,'admin/rooms','GET','127.0.0.1','{\"_pjax\":\"#pjax-container\"}','2025-08-26 01:58:11','2025-08-26 01:58:11'),(412,64,'admin/room-types','GET','127.0.0.1','{\"_pjax\":\"#pjax-container\"}','2025-08-26 01:58:12','2025-08-26 01:58:12'),(413,64,'admin/rooms','GET','127.0.0.1','{\"_pjax\":\"#pjax-container\"}','2025-08-26 01:58:13','2025-08-26 01:58:13'),(414,64,'admin/borrow-rooms','GET','127.0.0.1','{\"_pjax\":\"#pjax-container\"}','2025-08-26 02:04:49','2025-08-26 02:04:49'),(415,64,'admin/borrow-rooms','GET','127.0.0.1','[]','2025-08-26 02:04:56','2025-08-26 02:04:56'),(416,64,'admin/rooms','GET','127.0.0.1','{\"_pjax\":\"#pjax-container\"}','2025-08-26 02:07:36','2025-08-26 02:07:36'),(417,64,'admin/rooms/31/edit','GET','127.0.0.1','{\"_pjax\":\"#pjax-container\"}','2025-08-26 02:08:17','2025-08-26 02:08:17'),(418,64,'admin/rooms/31','PUT','127.0.0.1','{\"name\":\"Rapat Wakadis\",\"room_type_id\":\"29\",\"max_people\":\"20\",\"status\":\"1\",\"notes\":null,\"_token\":\"21nQwl1Unc6L0FzgPRBKh5g4aFa7hXujsz6prMO6\",\"_method\":\"PUT\",\"_previous_\":\"http:\\/\\/127.0.0.1:8000\\/admin\\/rooms\"}','2025-08-26 02:08:25','2025-08-26 02:08:25'),(419,64,'admin/rooms','GET','127.0.0.1','[]','2025-08-26 02:08:25','2025-08-26 02:08:25'),(420,64,'admin/rooms/31/edit','GET','127.0.0.1','{\"_pjax\":\"#pjax-container\"}','2025-08-26 02:08:30','2025-08-26 02:08:30'),(421,64,'admin/rooms/31','PUT','127.0.0.1','{\"name\":\"Rapat Wakadis\",\"room_type_id\":\"29\",\"max_people\":\"20\",\"status\":\"0\",\"notes\":null,\"_token\":\"21nQwl1Unc6L0FzgPRBKh5g4aFa7hXujsz6prMO6\",\"_method\":\"PUT\",\"_previous_\":\"http:\\/\\/127.0.0.1:8000\\/admin\\/rooms\"}','2025-08-26 02:08:32','2025-08-26 02:08:32'),(422,64,'admin/rooms','GET','127.0.0.1','[]','2025-08-26 02:08:33','2025-08-26 02:08:33'),(423,64,'admin/rooms/31/edit','GET','127.0.0.1','{\"_pjax\":\"#pjax-container\"}','2025-08-26 02:08:37','2025-08-26 02:08:37'),(424,64,'admin/rooms/31','PUT','127.0.0.1','{\"name\":\"Rapat Wakadis\",\"room_type_id\":\"29\",\"max_people\":\"20\",\"status\":\"0\",\"notes\":null,\"_token\":\"21nQwl1Unc6L0FzgPRBKh5g4aFa7hXujsz6prMO6\",\"after-save\":\"1\",\"_method\":\"PUT\",\"_previous_\":\"http:\\/\\/127.0.0.1:8000\\/admin\\/rooms\"}','2025-08-26 02:08:40','2025-08-26 02:08:40'),(425,64,'admin/rooms/31/edit','GET','127.0.0.1','[]','2025-08-26 02:08:40','2025-08-26 02:08:40'),(426,64,'admin/rooms','GET','127.0.0.1','{\"_pjax\":\"#pjax-container\"}','2025-08-26 02:08:47','2025-08-26 02:08:47'),(427,64,'admin/rooms/31/edit','GET','127.0.0.1','{\"_pjax\":\"#pjax-container\"}','2025-08-26 02:08:50','2025-08-26 02:08:50'),(428,64,'admin/rooms/31','PUT','127.0.0.1','{\"name\":\"Rapat Wakadis\",\"room_type_id\":\"29\",\"max_people\":\"20\",\"status\":\"0\",\"notes\":null,\"_token\":\"21nQwl1Unc6L0FzgPRBKh5g4aFa7hXujsz6prMO6\",\"after-save\":\"3\",\"_method\":\"PUT\",\"_previous_\":\"http:\\/\\/127.0.0.1:8000\\/admin\\/rooms\"}','2025-08-26 02:08:52','2025-08-26 02:08:52'),(429,64,'admin/rooms/31','GET','127.0.0.1','[]','2025-08-26 02:08:52','2025-08-26 02:08:52'),(430,64,'admin/rooms','GET','127.0.0.1','{\"_pjax\":\"#pjax-container\"}','2025-08-26 02:08:54','2025-08-26 02:08:54'),(431,64,'admin/rooms/31/edit','GET','127.0.0.1','{\"_pjax\":\"#pjax-container\"}','2025-08-26 02:08:56','2025-08-26 02:08:56'),(432,64,'admin/rooms/31','PUT','127.0.0.1','{\"name\":\"Rapat Wakadis\",\"room_type_id\":\"29\",\"max_people\":\"20\",\"status\":\"0\",\"notes\":null,\"_token\":\"21nQwl1Unc6L0FzgPRBKh5g4aFa7hXujsz6prMO6\",\"after-save\":\"2\",\"_method\":\"PUT\",\"_previous_\":\"http:\\/\\/127.0.0.1:8000\\/admin\\/rooms\"}','2025-08-26 02:09:00','2025-08-26 02:09:00'),(433,64,'admin/rooms/create','GET','127.0.0.1','[]','2025-08-26 02:09:00','2025-08-26 02:09:00'),(434,64,'admin/rooms','GET','127.0.0.1','{\"_pjax\":\"#pjax-container\"}','2025-08-26 02:09:03','2025-08-26 02:09:03'),(435,64,'admin/rooms','GET','127.0.0.1','[]','2025-08-26 02:15:40','2025-08-26 02:15:40'),(436,64,'admin/borrow-rooms','GET','127.0.0.1','{\"_pjax\":\"#pjax-container\"}','2025-08-26 02:15:48','2025-08-26 02:15:48'),(437,64,'admin/rooms','GET','127.0.0.1','{\"_pjax\":\"#pjax-container\"}','2025-08-26 02:15:51','2025-08-26 02:15:51'),(438,64,'admin/rooms/26/edit','GET','127.0.0.1','{\"_pjax\":\"#pjax-container\"}','2025-08-26 02:16:58','2025-08-26 02:16:58'),(439,64,'admin/rooms','GET','127.0.0.1','{\"_pjax\":\"#pjax-container\"}','2025-08-26 02:17:03','2025-08-26 02:17:03'),(440,64,'admin/room-types','GET','127.0.0.1','{\"_pjax\":\"#pjax-container\"}','2025-08-26 02:18:45','2025-08-26 02:18:45'),(441,64,'admin/rooms','GET','127.0.0.1','{\"_pjax\":\"#pjax-container\"}','2025-08-26 02:18:49','2025-08-26 02:18:49'),(442,64,'admin/borrow-rooms','GET','127.0.0.1','{\"_pjax\":\"#pjax-container\"}','2025-08-26 02:19:09','2025-08-26 02:19:09'),(443,64,'admin/borrow-rooms/7/edit','GET','127.0.0.1','{\"_pjax\":\"#pjax-container\"}','2025-08-26 02:19:14','2025-08-26 02:19:14'),(444,64,'admin/borrow-rooms/7','PUT','127.0.0.1','{\"admin_id\":null,\"admin_approval_status\":\"1\",\"processed_at\":null,\"returned_at\":null,\"notes\":null,\"_token\":\"21nQwl1Unc6L0FzgPRBKh5g4aFa7hXujsz6prMO6\",\"_method\":\"PUT\",\"_previous_\":\"http:\\/\\/127.0.0.1:8000\\/admin\\/borrow-rooms\"}','2025-08-26 02:19:23','2025-08-26 02:19:23'),(445,64,'admin/borrow-rooms','GET','127.0.0.1','[]','2025-08-26 02:19:23','2025-08-26 02:19:23'),(446,64,'admin/rooms','GET','127.0.0.1','{\"_pjax\":\"#pjax-container\"}','2025-08-26 02:19:25','2025-08-26 02:19:25'),(447,64,'admin/borrow-rooms','GET','127.0.0.1','{\"_pjax\":\"#pjax-container\"}','2025-08-26 02:19:27','2025-08-26 02:19:27'),(448,64,'admin/rooms','GET','127.0.0.1','{\"_pjax\":\"#pjax-container\"}','2025-08-26 02:19:30','2025-08-26 02:19:30'),(449,64,'admin/borrow-rooms','GET','127.0.0.1','{\"_pjax\":\"#pjax-container\"}','2025-08-26 02:21:44','2025-08-26 02:21:44'),(450,64,'admin/borrow-rooms/7/edit','GET','127.0.0.1','{\"_pjax\":\"#pjax-container\"}','2025-08-26 02:21:49','2025-08-26 02:21:49'),(451,64,'admin/borrow-rooms/7','PUT','127.0.0.1','{\"admin_id\":\"64\",\"admin_approval_status\":\"1\",\"processed_at\":\"2025-08-26 10:00\",\"returned_at\":null,\"notes\":null,\"_token\":\"21nQwl1Unc6L0FzgPRBKh5g4aFa7hXujsz6prMO6\",\"_method\":\"PUT\",\"_previous_\":\"http:\\/\\/127.0.0.1:8000\\/admin\\/borrow-rooms\"}','2025-08-26 02:22:11','2025-08-26 02:22:11'),(452,64,'admin/borrow-rooms','GET','127.0.0.1','[]','2025-08-26 02:22:12','2025-08-26 02:22:12'),(453,64,'admin/rooms','GET','127.0.0.1','{\"_pjax\":\"#pjax-container\"}','2025-08-26 02:23:26','2025-08-26 02:23:26'),(454,64,'admin/borrow-rooms','GET','127.0.0.1','{\"_pjax\":\"#pjax-container\"}','2025-08-26 02:23:30','2025-08-26 02:23:30'),(455,64,'admin/borrow-rooms/7/edit','GET','127.0.0.1','{\"_pjax\":\"#pjax-container\"}','2025-08-26 02:23:32','2025-08-26 02:23:32'),(456,64,'admin/borrow-rooms/7','PUT','127.0.0.1','{\"admin_id\":\"64\",\"admin_approval_status\":\"1\",\"processed_at\":\"2025-08-26 10:00\",\"returned_at\":\"2025-08-27 10:00\",\"notes\":null,\"_token\":\"21nQwl1Unc6L0FzgPRBKh5g4aFa7hXujsz6prMO6\",\"_method\":\"PUT\",\"_previous_\":\"http:\\/\\/127.0.0.1:8000\\/admin\\/borrow-rooms\"}','2025-08-26 02:23:46','2025-08-26 02:23:46'),(457,64,'admin/borrow-rooms','GET','127.0.0.1','[]','2025-08-26 02:23:47','2025-08-26 02:23:47'),(458,64,'admin/rooms','GET','127.0.0.1','{\"_pjax\":\"#pjax-container\"}','2025-08-26 02:23:50','2025-08-26 02:23:50'),(459,64,'admin/auth/logout','GET','127.0.0.1','{\"_pjax\":\"#pjax-container\"}','2025-08-26 02:23:56','2025-08-26 02:23:56'),(460,70,'admin','GET','127.0.0.1','[]','2025-08-26 03:11:33','2025-08-26 03:11:33'),(461,70,'admin/borrow-rooms','GET','127.0.0.1','{\"_pjax\":\"#pjax-container\"}','2025-08-26 03:11:44','2025-08-26 03:11:44'),(462,70,'admin','GET','127.0.0.1','{\"_pjax\":\"#pjax-container\"}','2025-08-26 03:11:50','2025-08-26 03:11:50'),(463,70,'admin/borrow-rooms','GET','127.0.0.1','{\"_pjax\":\"#pjax-container\"}','2025-08-26 03:11:50','2025-08-26 03:11:50'),(464,70,'admin/auth/login','GET','127.0.0.1','[]','2025-08-26 03:35:51','2025-08-26 03:35:51'),(465,70,'admin','GET','127.0.0.1','[]','2025-08-26 03:35:52','2025-08-26 03:35:52'),(466,70,'admin/auth/logout','GET','127.0.0.1','{\"_pjax\":\"#pjax-container\"}','2025-08-26 03:35:54','2025-08-26 03:35:54'),(467,1,'admin','GET','127.0.0.1','[]','2025-08-26 04:02:48','2025-08-26 04:02:48'),(468,1,'admin/borrow-rooms','GET','127.0.0.1','{\"_pjax\":\"#pjax-container\"}','2025-08-26 04:02:52','2025-08-26 04:02:52'),(469,1,'admin','GET','127.0.0.1','{\"_pjax\":\"#pjax-container\"}','2025-08-26 04:02:57','2025-08-26 04:02:57'),(470,1,'admin/auth/logout','GET','127.0.0.1','{\"_pjax\":\"#pjax-container\"}','2025-08-26 04:03:49','2025-08-26 04:03:49'),(471,1,'admin','GET','127.0.0.1','[]','2025-08-26 04:38:19','2025-08-26 04:38:19'),(472,1,'admin/rooms','GET','127.0.0.1','{\"_pjax\":\"#pjax-container\"}','2025-08-26 04:38:36','2025-08-26 04:38:36'),(473,1,'admin/borrow-rooms','GET','127.0.0.1','{\"_pjax\":\"#pjax-container\"}','2025-08-26 04:38:43','2025-08-26 04:38:43'),(474,1,'admin/rooms','GET','127.0.0.1','{\"_pjax\":\"#pjax-container\"}','2025-08-26 04:38:50','2025-08-26 04:38:50'),(475,1,'admin/rooms','GET','127.0.0.1','{\"_pjax\":\"#pjax-container\"}','2025-08-26 04:38:50','2025-08-26 04:38:50'),(476,1,'admin/borrow-rooms','GET','127.0.0.1','{\"_pjax\":\"#pjax-container\"}','2025-08-26 04:38:54','2025-08-26 04:38:54'),(477,1,'admin/room-types','GET','127.0.0.1','{\"_pjax\":\"#pjax-container\"}','2025-08-26 04:38:56','2025-08-26 04:38:56'),(478,1,'admin/borrow-rooms','GET','127.0.0.1','{\"_pjax\":\"#pjax-container\"}','2025-08-26 04:38:58','2025-08-26 04:38:58'),(479,1,'admin/borrow-rooms/8/edit','GET','127.0.0.1','{\"_pjax\":\"#pjax-container\"}','2025-08-26 04:39:02','2025-08-26 04:39:02'),(480,1,'admin/borrow-rooms','GET','127.0.0.1','{\"_pjax\":\"#pjax-container\"}','2025-08-26 04:39:35','2025-08-26 04:39:35'),(481,1,'admin/auth/login','GET','127.0.0.1','[]','2025-08-26 06:17:59','2025-08-26 06:17:59'),(482,1,'admin','GET','127.0.0.1','[]','2025-08-26 06:18:00','2025-08-26 06:18:00'),(483,1,'admin/borrow-rooms','GET','127.0.0.1','{\"_pjax\":\"#pjax-container\"}','2025-08-26 06:18:06','2025-08-26 06:18:06'),(484,1,'admin/borrow-rooms/8/edit','GET','127.0.0.1','{\"_pjax\":\"#pjax-container\"}','2025-08-26 06:18:15','2025-08-26 06:18:15'),(485,1,'admin/borrow-rooms/8','PUT','127.0.0.1','{\"borrower_id\":\"70\",\"room_id\":\"27\",\"borrow_at\":\"2025-08-27 10:11\",\"until_at\":\"2025-08-28 10:11\",\"kepala_bidang_id\":\"65\",\"kepala_bidang_approval_status\":\"1\",\"admin_id\":null,\"admin_approval_status\":\"0\",\"processed_at\":null,\"returned_at\":null,\"notes\":null,\"_token\":\"BZQ7tB7HKM3wMlDyvarNwvFfxLYzVXo7DhdmujNZ\",\"_method\":\"PUT\",\"_previous_\":\"http:\\/\\/127.0.0.1:8000\\/admin\\/borrow-rooms\"}','2025-08-26 06:18:30','2025-08-26 06:18:30'),(486,1,'admin/borrow-rooms','GET','127.0.0.1','[]','2025-08-26 06:18:30','2025-08-26 06:18:30'),(487,1,'admin/auth/logout','GET','127.0.0.1','{\"_pjax\":\"#pjax-container\"}','2025-08-26 06:18:36','2025-08-26 06:18:36'),(488,64,'admin','GET','127.0.0.1','[]','2025-08-26 06:18:45','2025-08-26 06:18:45'),(489,64,'admin/borrow-rooms','GET','127.0.0.1','{\"_pjax\":\"#pjax-container\"}','2025-08-26 06:18:48','2025-08-26 06:18:48'),(490,64,'admin/borrow-rooms/8/edit','GET','127.0.0.1','{\"_pjax\":\"#pjax-container\"}','2025-08-26 06:18:53','2025-08-26 06:18:53'),(491,64,'admin/borrow-rooms/8','PUT','127.0.0.1','{\"admin_id\":\"1\",\"admin_approval_status\":\"1\",\"processed_at\":null,\"returned_at\":null,\"notes\":null,\"_token\":\"1FUocxVX5PjDKfbhemaJh2vjzk86RVt4uQ22UP0s\",\"_method\":\"PUT\",\"_previous_\":\"http:\\/\\/127.0.0.1:8000\\/admin\\/borrow-rooms\"}','2025-08-26 06:18:58','2025-08-26 06:18:58'),(492,64,'admin/borrow-rooms','GET','127.0.0.1','[]','2025-08-26 06:18:59','2025-08-26 06:18:59'),(493,64,'admin/borrow-rooms/8/edit','GET','127.0.0.1','{\"_pjax\":\"#pjax-container\"}','2025-08-26 06:19:05','2025-08-26 06:19:05'),(494,64,'admin/borrow-rooms/8','PUT','127.0.0.1','{\"admin_id\":\"64\",\"admin_approval_status\":\"1\",\"processed_at\":\"2025-08-26 08:00\",\"returned_at\":null,\"notes\":null,\"_token\":\"1FUocxVX5PjDKfbhemaJh2vjzk86RVt4uQ22UP0s\",\"_method\":\"PUT\",\"_previous_\":\"http:\\/\\/127.0.0.1:8000\\/admin\\/borrow-rooms\"}','2025-08-26 06:19:17','2025-08-26 06:19:17'),(495,64,'admin/borrow-rooms','GET','127.0.0.1','[]','2025-08-26 06:19:17','2025-08-26 06:19:17'),(496,64,'admin/auth/login','GET','127.0.0.1','[]','2025-08-26 06:20:06','2025-08-26 06:20:06'),(497,64,'admin','GET','127.0.0.1','[]','2025-08-26 06:20:07','2025-08-26 06:20:07'),(498,64,'admin/borrow-rooms','GET','127.0.0.1','{\"_pjax\":\"#pjax-container\"}','2025-08-26 06:20:15','2025-08-26 06:20:15'),(499,64,'admin/borrow-rooms/8/edit','GET','127.0.0.1','{\"_pjax\":\"#pjax-container\"}','2025-08-26 06:20:17','2025-08-26 06:20:17'),(500,64,'admin/borrow-rooms/8','PUT','127.0.0.1','{\"admin_id\":\"64\",\"admin_approval_status\":\"1\",\"processed_at\":\"2025-08-26 08:00\",\"returned_at\":\"2025-08-27 00:00\",\"notes\":null,\"_token\":\"1FUocxVX5PjDKfbhemaJh2vjzk86RVt4uQ22UP0s\",\"_method\":\"PUT\",\"_previous_\":\"http:\\/\\/127.0.0.1:8000\\/admin\\/borrow-rooms\"}','2025-08-26 06:20:23','2025-08-26 06:20:23'),(501,64,'admin/borrow-rooms','GET','127.0.0.1','[]','2025-08-26 06:20:24','2025-08-26 06:20:24'),(502,64,'admin/auth/login','GET','127.0.0.1','[]','2025-08-27 01:23:26','2025-08-27 01:23:26'),(503,64,'admin','GET','127.0.0.1','[]','2025-08-27 01:23:26','2025-08-27 01:23:26'),(504,64,'admin/auth/login','GET','127.0.0.1','[]','2025-08-27 01:35:17','2025-08-27 01:35:17'),(505,64,'admin','GET','127.0.0.1','[]','2025-08-27 01:35:17','2025-08-27 01:35:17'),(506,64,'admin/auth/logout','GET','127.0.0.1','{\"_pjax\":\"#pjax-container\"}','2025-08-27 01:35:21','2025-08-27 01:35:21'),(507,1,'admin','GET','127.0.0.1','[]','2025-08-27 03:01:09','2025-08-27 03:01:09'),(508,1,'admin/borrow-rooms','GET','127.0.0.1','{\"_pjax\":\"#pjax-container\"}','2025-08-27 03:01:11','2025-08-27 03:01:11'),(509,1,'admin/borrow-rooms/8/edit','GET','127.0.0.1','{\"_pjax\":\"#pjax-container\"}','2025-08-27 03:01:13','2025-08-27 03:01:13'),(510,1,'admin','GET','127.0.0.1','{\"_pjax\":\"#pjax-container\"}','2025-08-27 03:04:59','2025-08-27 03:04:59'),(511,1,'admin/auth/logout','GET','127.0.0.1','{\"_pjax\":\"#pjax-container\"}','2025-08-27 03:05:05','2025-08-27 03:05:05'),(512,1,'admin','GET','127.0.0.1','[]','2025-08-27 03:09:17','2025-08-27 03:09:17'),(513,1,'admin/room-types','GET','127.0.0.1','{\"_pjax\":\"#pjax-container\"}','2025-08-27 03:09:25','2025-08-27 03:09:25'),(514,1,'admin/rooms','GET','127.0.0.1','{\"_pjax\":\"#pjax-container\"}','2025-08-27 03:09:28','2025-08-27 03:09:28'),(515,1,'admin/borrow-rooms','GET','127.0.0.1','{\"_pjax\":\"#pjax-container\"}','2025-08-27 03:09:36','2025-08-27 03:09:36'),(516,1,'admin','GET','127.0.0.1','{\"_pjax\":\"#pjax-container\"}','2025-08-27 03:10:11','2025-08-27 03:10:11'),(517,1,'admin/borrow-rooms','GET','127.0.0.1','{\"_pjax\":\"#pjax-container\"}','2025-08-27 03:10:12','2025-08-27 03:10:12'),(518,1,'admin/auth/login','GET','127.0.0.1','[]','2025-08-27 03:12:59','2025-08-27 03:12:59'),(519,1,'admin','GET','127.0.0.1','[]','2025-08-27 03:12:59','2025-08-27 03:12:59'),(520,1,'admin/auth/logout','GET','127.0.0.1','{\"_pjax\":\"#pjax-container\"}','2025-08-27 03:13:03','2025-08-27 03:13:03'),(521,71,'admin','GET','127.0.0.1','[]','2025-08-27 03:13:14','2025-08-27 03:13:14'),(522,71,'admin','GET','127.0.0.1','{\"_pjax\":\"#pjax-container\"}','2025-08-27 03:13:19','2025-08-27 03:13:19'),(523,71,'admin/auth/logout','GET','127.0.0.1','{\"_pjax\":\"#pjax-container\"}','2025-08-27 03:13:34','2025-08-27 03:13:34'),(524,1,'admin','GET','127.0.0.1','[]','2025-08-27 03:13:39','2025-08-27 03:13:39'),(525,1,'admin/auth/permissions','GET','127.0.0.1','{\"_pjax\":\"#pjax-container\"}','2025-08-27 03:13:44','2025-08-27 03:13:44'),(526,1,'admin/auth/users','GET','127.0.0.1','{\"_pjax\":\"#pjax-container\"}','2025-08-27 03:13:59','2025-08-27 03:13:59'),(527,1,'admin/auth/users/71/edit','GET','127.0.0.1','{\"_pjax\":\"#pjax-container\"}','2025-08-27 03:14:04','2025-08-27 03:14:04'),(528,1,'admin/auth/users/71','PUT','127.0.0.1','{\"username\":\"9090\",\"name\":\"ARJUN\",\"password\":\"$2y$10$PYOtscYa0UclQAMg9R2B8uZCjFrJdDcOXskG0yYhN4VyIRYcV9mJO\",\"password_confirmation\":\"$2y$10$PYOtscYa0UclQAMg9R2B8uZCjFrJdDcOXskG0yYhN4VyIRYcV9mJO\",\"roles\":[null],\"permissions\":[\"2\",\"4\",\"12\",\"16\",null],\"_token\":\"5kpNT2p9SAnXs3i56fIi2mCyGT79WWLazDOq64HV\",\"_method\":\"PUT\",\"_previous_\":\"http:\\/\\/127.0.0.1:8000\\/admin\\/auth\\/users\"}','2025-08-27 03:14:59','2025-08-27 03:14:59'),(529,1,'admin/auth/users','GET','127.0.0.1','[]','2025-08-27 03:15:00','2025-08-27 03:15:00'),(530,1,'admin/auth/logout','GET','127.0.0.1','{\"_pjax\":\"#pjax-container\"}','2025-08-27 03:15:06','2025-08-27 03:15:06'),(531,71,'admin','GET','127.0.0.1','[]','2025-08-27 03:15:11','2025-08-27 03:15:11'),(532,71,'admin/rooms','GET','127.0.0.1','{\"_pjax\":\"#pjax-container\"}','2025-08-27 03:15:14','2025-08-27 03:15:14'),(533,71,'admin/borrow-rooms','GET','127.0.0.1','{\"_pjax\":\"#pjax-container\"}','2025-08-27 03:15:19','2025-08-27 03:15:19'),(534,71,'admin/rooms','GET','127.0.0.1','{\"_pjax\":\"#pjax-container\"}','2025-08-27 03:15:24','2025-08-27 03:15:24'),(535,71,'admin/borrow-rooms','GET','127.0.0.1','{\"_pjax\":\"#pjax-container\"}','2025-08-27 03:15:25','2025-08-27 03:15:25'),(536,71,'admin/borrow-rooms/9','GET','127.0.0.1','{\"_pjax\":\"#pjax-container\"}','2025-08-27 03:15:36','2025-08-27 03:15:36'),(537,71,'admin/borrow-rooms','GET','127.0.0.1','{\"_pjax\":\"#pjax-container\"}','2025-08-27 03:15:46','2025-08-27 03:15:46'),(538,71,'admin/auth/logout','GET','127.0.0.1','{\"_pjax\":\"#pjax-container\"}','2025-08-27 03:52:33','2025-08-27 03:52:33'),(539,1,'admin','GET','127.0.0.1','[]','2025-08-27 03:52:38','2025-08-27 03:52:38'),(540,1,'admin/auth/login','GET','127.0.0.1','[]','2025-08-27 03:56:08','2025-08-27 03:56:08'),(541,1,'admin','GET','127.0.0.1','[]','2025-08-27 03:56:08','2025-08-27 03:56:08'),(542,1,'admin/borrow-rooms','GET','127.0.0.1','{\"_pjax\":\"#pjax-container\"}','2025-08-27 03:56:12','2025-08-27 03:56:12'),(543,1,'admin/borrow-rooms/9/edit','GET','127.0.0.1','{\"_pjax\":\"#pjax-container\"}','2025-08-27 03:56:15','2025-08-27 03:56:15'),(544,1,'admin/borrow-rooms/9','PUT','127.0.0.1','{\"borrower_id\":\"71\",\"room_id\":\"30\",\"borrow_at\":\"2025-08-28 10:10\",\"until_at\":\"2025-08-28 12:10\",\"kepala_bidang_id\":\"65\",\"kepala_bidang_approval_status\":\"1\",\"admin_id\":null,\"admin_approval_status\":\"1\",\"processed_at\":\"2025-08-27 00:00\",\"returned_at\":null,\"notes\":null,\"_token\":\"lipdem2DOHo21zG4xuxeUWMJdskm9dtOdvdMdCqS\",\"_method\":\"PUT\",\"_previous_\":\"http:\\/\\/127.0.0.1:8000\\/admin\\/borrow-rooms\"}','2025-08-27 03:56:25','2025-08-27 03:56:25'),(545,1,'admin/borrow-rooms','GET','127.0.0.1','[]','2025-08-27 03:56:25','2025-08-27 03:56:25'),(546,1,'admin/borrow-rooms/9/edit','GET','127.0.0.1','{\"_pjax\":\"#pjax-container\"}','2025-08-27 03:56:30','2025-08-27 03:56:30'),(547,1,'admin/borrow-rooms/9','PUT','127.0.0.1','{\"borrower_id\":\"71\",\"room_id\":\"30\",\"borrow_at\":\"2025-08-28 10:10\",\"until_at\":\"2025-08-28 12:10\",\"kepala_bidang_id\":\"65\",\"kepala_bidang_approval_status\":\"1\",\"admin_id\":\"1\",\"admin_approval_status\":\"1\",\"processed_at\":\"2025-08-27 00:00\",\"returned_at\":\"2025-08-28 00:00\",\"notes\":null,\"_token\":\"lipdem2DOHo21zG4xuxeUWMJdskm9dtOdvdMdCqS\",\"_method\":\"PUT\",\"_previous_\":\"http:\\/\\/127.0.0.1:8000\\/admin\\/borrow-rooms\"}','2025-08-27 03:56:36','2025-08-27 03:56:36'),(548,1,'admin/borrow-rooms','GET','127.0.0.1','[]','2025-08-27 03:56:36','2025-08-27 03:56:36'),(549,1,'admin/auth/login','GET','127.0.0.1','[]','2025-08-27 03:57:03','2025-08-27 03:57:03'),(550,1,'admin','GET','127.0.0.1','[]','2025-08-27 03:57:03','2025-08-27 03:57:03'),(551,1,'admin/auth/logout','GET','127.0.0.1','{\"_pjax\":\"#pjax-container\"}','2025-08-27 03:57:06','2025-08-27 03:57:06'),(552,71,'admin','GET','127.0.0.1','[]','2025-08-27 03:57:19','2025-08-27 03:57:19'),(553,71,'admin/borrow-rooms','GET','127.0.0.1','{\"_pjax\":\"#pjax-container\"}','2025-08-27 03:57:58','2025-08-27 03:57:58'),(554,71,'admin/rooms','GET','127.0.0.1','{\"_pjax\":\"#pjax-container\"}','2025-08-27 03:58:22','2025-08-27 03:58:22'),(555,71,'admin/borrow-rooms','GET','127.0.0.1','{\"_pjax\":\"#pjax-container\"}','2025-08-27 03:58:25','2025-08-27 03:58:25'),(556,71,'admin/auth/login','GET','127.0.0.1','[]','2025-08-27 03:58:59','2025-08-27 03:58:59'),(557,71,'admin','GET','127.0.0.1','[]','2025-08-27 03:59:00','2025-08-27 03:59:00'),(558,71,'admin/auth/logout','GET','127.0.0.1','{\"_pjax\":\"#pjax-container\"}','2025-08-27 03:59:03','2025-08-27 03:59:03'),(559,1,'admin','GET','127.0.0.1','[]','2025-08-27 03:59:11','2025-08-27 03:59:11'),(560,1,'admin/borrow-rooms','GET','127.0.0.1','{\"_pjax\":\"#pjax-container\"}','2025-08-27 03:59:14','2025-08-27 03:59:14'),(561,1,'admin/borrow-rooms/10/edit','GET','127.0.0.1','{\"_pjax\":\"#pjax-container\"}','2025-08-27 03:59:16','2025-08-27 03:59:16'),(562,1,'admin/borrow-rooms/10','PUT','127.0.0.1','{\"borrower_id\":\"71\",\"room_id\":\"29\",\"borrow_at\":\"2025-08-29 10:56\",\"until_at\":\"2025-08-29 12:56\",\"kepala_bidang_id\":\"65\",\"kepala_bidang_approval_status\":\"1\",\"admin_id\":null,\"admin_approval_status\":\"1\",\"processed_at\":\"2025-08-28 00:00\",\"returned_at\":\"2025-08-27 23:00\",\"notes\":null,\"_token\":\"oSFgGWnigIlBLrqvXbdfzbXTeqbfpjey0wN1mXEQ\",\"_method\":\"PUT\",\"_previous_\":\"http:\\/\\/127.0.0.1:8000\\/admin\\/borrow-rooms\"}','2025-08-27 03:59:28','2025-08-27 03:59:28'),(563,1,'admin/borrow-rooms','GET','127.0.0.1','[]','2025-08-27 03:59:28','2025-08-27 03:59:28'),(564,1,'admin/auth/login','GET','127.0.0.1','[]','2025-08-27 03:59:51','2025-08-27 03:59:51'),(565,1,'admin','GET','127.0.0.1','[]','2025-08-27 03:59:52','2025-08-27 03:59:52'),(566,1,'admin/borrow-rooms','GET','127.0.0.1','{\"_pjax\":\"#pjax-container\"}','2025-08-27 03:59:55','2025-08-27 03:59:55'),(567,1,'admin/borrow-rooms/11/edit','GET','127.0.0.1','{\"_pjax\":\"#pjax-container\"}','2025-08-27 04:00:44','2025-08-27 04:00:44'),(568,1,'admin/rooms','GET','127.0.0.1','{\"_pjax\":\"#pjax-container\"}','2025-08-27 04:01:03','2025-08-27 04:01:03'),(569,1,'admin/auth/users','GET','127.0.0.1','{\"_pjax\":\"#pjax-container\"}','2025-08-27 04:01:08','2025-08-27 04:01:08'),(570,1,'admin/auth/users/71/edit','GET','127.0.0.1','{\"_pjax\":\"#pjax-container\"}','2025-08-27 04:01:14','2025-08-27 04:01:14'),(571,1,'admin/borrow-rooms','GET','127.0.0.1','{\"_pjax\":\"#pjax-container\"}','2025-08-27 04:01:29','2025-08-27 04:01:29'),(572,1,'admin/borrow-rooms','GET','127.0.0.1','{\"_pjax\":\"#pjax-container\",\"_export_\":\"all\"}','2025-08-27 04:01:33','2025-08-27 04:01:33'),(573,1,'admin/auth/login','GET','127.0.0.1','[]','2025-08-27 04:04:24','2025-08-27 04:04:24'),(574,1,'admin','GET','127.0.0.1','[]','2025-08-27 04:04:24','2025-08-27 04:04:24'),(575,1,'admin/borrow-rooms','GET','127.0.0.1','{\"_pjax\":\"#pjax-container\"}','2025-08-27 04:04:27','2025-08-27 04:04:27'),(576,1,'admin/borrow-rooms/11/edit','GET','127.0.0.1','{\"_pjax\":\"#pjax-container\"}','2025-08-27 04:04:29','2025-08-27 04:04:29'),(577,1,'admin/borrow-rooms/11','PUT','127.0.0.1','{\"borrower_id\":\"71\",\"room_id\":\"26\",\"borrow_at\":\"2025-08-28 10:59\",\"until_at\":\"2025-08-28 12:59\",\"kepala_bidang_id\":\"65\",\"kepala_bidang_approval_status\":\"1\",\"admin_id\":null,\"admin_approval_status\":\"0\",\"processed_at\":null,\"returned_at\":null,\"notes\":\"rapat penting\",\"_token\":\"oSFgGWnigIlBLrqvXbdfzbXTeqbfpjey0wN1mXEQ\",\"_method\":\"PUT\",\"_previous_\":\"http:\\/\\/127.0.0.1:8000\\/admin\\/borrow-rooms\"}','2025-08-27 04:04:46','2025-08-27 04:04:46'),(578,1,'admin/borrow-rooms','GET','127.0.0.1','[]','2025-08-27 04:04:47','2025-08-27 04:04:47'),(579,1,'admin/borrow-rooms/11/edit','GET','127.0.0.1','{\"_pjax\":\"#pjax-container\"}','2025-08-27 04:04:50','2025-08-27 04:04:50'),(580,1,'admin/auth/logout','GET','127.0.0.1','{\"_pjax\":\"#pjax-container\"}','2025-08-27 04:04:59','2025-08-27 04:04:59'),(581,64,'admin','GET','127.0.0.1','[]','2025-08-27 04:05:05','2025-08-27 04:05:05'),(582,64,'admin/rooms','GET','127.0.0.1','{\"_pjax\":\"#pjax-container\"}','2025-08-27 04:05:08','2025-08-27 04:05:08'),(583,64,'admin/borrow-rooms','GET','127.0.0.1','{\"_pjax\":\"#pjax-container\"}','2025-08-27 04:05:09','2025-08-27 04:05:09'),(584,64,'admin/borrow-rooms/11/edit','GET','127.0.0.1','{\"_pjax\":\"#pjax-container\"}','2025-08-27 04:05:12','2025-08-27 04:05:12'),(585,64,'admin/borrow-rooms','GET','127.0.0.1','{\"_pjax\":\"#pjax-container\"}','2025-08-27 04:07:47','2025-08-27 04:07:47'),(586,64,'admin/auth/logout','GET','127.0.0.1','{\"_pjax\":\"#pjax-container\"}','2025-08-27 04:18:48','2025-08-27 04:18:48'),(587,1,'admin','GET','127.0.0.1','[]','2025-08-27 07:01:31','2025-08-27 07:01:31'),(588,1,'admin/auth/logout','GET','127.0.0.1','{\"_pjax\":\"#pjax-container\"}','2025-08-27 07:01:36','2025-08-27 07:01:36'),(589,1,'admin','GET','127.0.0.1','[]','2025-08-28 00:59:56','2025-08-28 00:59:56'),(590,1,'admin/auth/logout','GET','127.0.0.1','{\"_pjax\":\"#pjax-container\"}','2025-08-28 01:00:08','2025-08-28 01:00:08'),(591,1,'admin','GET','127.0.0.1','[]','2025-08-28 01:11:45','2025-08-28 01:11:45'),(592,1,'admin/auth/logout','GET','127.0.0.1','{\"_pjax\":\"#pjax-container\"}','2025-08-28 01:12:47','2025-08-28 01:12:47'),(593,71,'admin','GET','127.0.0.1','[]','2025-08-28 01:12:52','2025-08-28 01:12:52'),(594,71,'admin','GET','127.0.0.1','{\"_pjax\":\"#pjax-container\"}','2025-08-28 01:12:57','2025-08-28 01:12:57'),(595,71,'admin/rooms','GET','127.0.0.1','{\"_pjax\":\"#pjax-container\"}','2025-08-28 01:12:58','2025-08-28 01:12:58'),(596,71,'admin','GET','127.0.0.1','{\"_pjax\":\"#pjax-container\"}','2025-08-28 01:12:59','2025-08-28 01:12:59'),(597,71,'admin/rooms','GET','127.0.0.1','{\"_pjax\":\"#pjax-container\"}','2025-08-28 01:13:03','2025-08-28 01:13:03'),(598,71,'admin/borrow-rooms','GET','127.0.0.1','{\"_pjax\":\"#pjax-container\"}','2025-08-28 01:13:05','2025-08-28 01:13:05'),(599,71,'admin/auth/logout','GET','127.0.0.1','{\"_pjax\":\"#pjax-container\"}','2025-08-28 01:13:15','2025-08-28 01:13:15'),(600,1,'admin','GET','127.0.0.1','[]','2025-08-28 01:18:06','2025-08-28 01:18:06'),(601,1,'admin/borrow-rooms','GET','127.0.0.1','{\"_pjax\":\"#pjax-container\"}','2025-08-28 01:18:09','2025-08-28 01:18:09'),(602,1,'admin/borrow-rooms/11/edit','GET','127.0.0.1','{\"_pjax\":\"#pjax-container\"}','2025-08-28 01:19:04','2025-08-28 01:19:04'),(603,1,'admin/borrow-rooms/11','PUT','127.0.0.1','{\"borrower_id\":\"71\",\"room_id\":\"26\",\"borrow_at\":\"2025-08-28 10:59\",\"until_at\":\"2025-08-28 12:59\",\"kepala_bidang_id\":\"65\",\"kepala_bidang_approval_status\":\"1\",\"admin_id\":\"1\",\"admin_approval_status\":\"1\",\"processed_at\":\"2025-08-28 00:00\",\"returned_at\":\"2025-08-28 00:00\",\"notes\":\"rapat penting\",\"_token\":\"xKYpkR0pnxuFbkNDjrWeJCStNwvj7UzAEEhOMFwQ\",\"_method\":\"PUT\",\"_previous_\":\"http:\\/\\/127.0.0.1:8000\\/admin\\/borrow-rooms\"}','2025-08-28 01:19:34','2025-08-28 01:19:34'),(604,1,'admin/borrow-rooms','GET','127.0.0.1','[]','2025-08-28 01:19:34','2025-08-28 01:19:34'),(605,1,'admin/auth/login','GET','127.0.0.1','[]','2025-08-28 01:19:41','2025-08-28 01:19:41'),(606,1,'admin','GET','127.0.0.1','[]','2025-08-28 01:19:41','2025-08-28 01:19:41'),(607,1,'admin/auth/logout','GET','127.0.0.1','{\"_pjax\":\"#pjax-container\"}','2025-08-28 01:19:45','2025-08-28 01:19:45'),(608,72,'admin','GET','127.0.0.1','[]','2025-08-28 01:19:50','2025-08-28 01:19:50'),(609,72,'admin/auth/logout','GET','127.0.0.1','{\"_pjax\":\"#pjax-container\"}','2025-08-28 01:19:58','2025-08-28 01:19:58'),(610,1,'admin','GET','127.0.0.1','[]','2025-08-28 01:20:03','2025-08-28 01:20:03'),(611,1,'admin/auth/users','GET','127.0.0.1','{\"_pjax\":\"#pjax-container\"}','2025-08-28 01:20:06','2025-08-28 01:20:06'),(612,1,'admin/auth/users/72/edit','GET','127.0.0.1','{\"_pjax\":\"#pjax-container\"}','2025-08-28 01:20:13','2025-08-28 01:20:13'),(613,1,'admin/auth/users/72','PUT','127.0.0.1','{\"username\":\"8989\",\"name\":\"WYLDAN\",\"password\":\"$2y$10$pZTZNCLfq5Q\\/m2UsiR7rCebPs.\\/S5Y18O71EiUIFzo4nQblBA9Dye\",\"password_confirmation\":\"$2y$10$pZTZNCLfq5Q\\/m2UsiR7rCebPs.\\/S5Y18O71EiUIFzo4nQblBA9Dye\",\"roles\":[\"4\",null],\"permissions\":[null],\"_token\":\"Up9umrz3VG59ZnrRFgbg0PRCkvy6kpyfVikWQtFC\",\"_method\":\"PUT\",\"_previous_\":\"http:\\/\\/127.0.0.1:8000\\/admin\\/auth\\/users\"}','2025-08-28 01:20:27','2025-08-28 01:20:27'),(614,1,'admin/auth/users','GET','127.0.0.1','[]','2025-08-28 01:20:27','2025-08-28 01:20:27'),(615,1,'admin/auth/users','GET','127.0.0.1','{\"_pjax\":\"#pjax-container\"}','2025-08-28 01:20:30','2025-08-28 01:20:30'),(616,1,'admin/auth/roles','GET','127.0.0.1','{\"_pjax\":\"#pjax-container\"}','2025-08-28 01:20:32','2025-08-28 01:20:32'),(617,1,'admin/auth/logout','GET','127.0.0.1','{\"_pjax\":\"#pjax-container\"}','2025-08-28 01:21:04','2025-08-28 01:21:04'),(618,72,'admin','GET','127.0.0.1','[]','2025-08-28 01:21:09','2025-08-28 01:21:09'),(619,72,'admin/borrow-rooms','GET','127.0.0.1','{\"_pjax\":\"#pjax-container\"}','2025-08-28 01:21:11','2025-08-28 01:21:11'),(620,72,'admin/auth/logout','GET','127.0.0.1','{\"_pjax\":\"#pjax-container\"}','2025-08-28 01:21:43','2025-08-28 01:21:43'),(621,1,'admin','GET','127.0.0.1','[]','2025-08-28 01:21:47','2025-08-28 01:21:47'),(622,1,'admin/auth/roles','GET','127.0.0.1','{\"_pjax\":\"#pjax-container\"}','2025-08-28 01:21:50','2025-08-28 01:21:50'),(623,1,'admin/auth/permissions','GET','127.0.0.1','{\"_pjax\":\"#pjax-container\"}','2025-08-28 01:22:10','2025-08-28 01:22:10'),(624,1,'admin/auth/menu','GET','127.0.0.1','{\"_pjax\":\"#pjax-container\"}','2025-08-28 01:22:15','2025-08-28 01:22:15'),(625,1,'admin','GET','127.0.0.1','{\"_pjax\":\"#pjax-container\"}','2025-08-28 01:22:30','2025-08-28 01:22:30'),(626,1,'admin/room-types','GET','127.0.0.1','{\"_pjax\":\"#pjax-container\"}','2025-08-28 01:22:32','2025-08-28 01:22:32'),(627,1,'admin/rooms','GET','127.0.0.1','{\"_pjax\":\"#pjax-container\"}','2025-08-28 01:22:34','2025-08-28 01:22:34'),(628,1,'admin/borrow-rooms','GET','127.0.0.1','{\"_pjax\":\"#pjax-container\"}','2025-08-28 01:22:36','2025-08-28 01:22:36'),(629,1,'admin/helpers/scaffold','GET','127.0.0.1','{\"_pjax\":\"#pjax-container\"}','2025-08-28 01:22:41','2025-08-28 01:22:41'),(630,1,'admin/helpers/terminal/database','GET','127.0.0.1','{\"_pjax\":\"#pjax-container\"}','2025-08-28 01:22:44','2025-08-28 01:22:44'),(631,1,'admin/helpers/scaffold','GET','127.0.0.1','{\"_pjax\":\"#pjax-container\"}','2025-08-28 01:22:45','2025-08-28 01:22:45'),(632,1,'admin/helpers/terminal/artisan','GET','127.0.0.1','{\"_pjax\":\"#pjax-container\"}','2025-08-28 01:22:51','2025-08-28 01:22:51'),(633,1,'admin/helpers/routes','GET','127.0.0.1','{\"_pjax\":\"#pjax-container\"}','2025-08-28 01:22:53','2025-08-28 01:22:53'),(634,1,'admin/auth/roles','GET','127.0.0.1','{\"_pjax\":\"#pjax-container\"}','2025-08-28 01:22:59','2025-08-28 01:22:59'),(635,1,'admin/auth/roles/4/edit','GET','127.0.0.1','{\"_pjax\":\"#pjax-container\"}','2025-08-28 01:23:12','2025-08-28 01:23:12'),(636,1,'admin/auth/roles/4','PUT','127.0.0.1','{\"slug\":\"pegawai\",\"name\":\"Pegawai\",\"permissions\":[\"2\",\"3\",\"4\",\"12\",\"16\",null],\"_token\":\"5hJ9tCTGEyMgviFPnqiZirCbT8wM0GxkarJ6MMWG\",\"_method\":\"PUT\",\"_previous_\":\"http:\\/\\/127.0.0.1:8000\\/admin\\/auth\\/roles\"}','2025-08-28 01:23:25','2025-08-28 01:23:25'),(637,1,'admin/auth/roles','GET','127.0.0.1','[]','2025-08-28 01:23:25','2025-08-28 01:23:25'),(638,1,'admin/auth/logout','GET','127.0.0.1','{\"_pjax\":\"#pjax-container\"}','2025-08-28 01:23:29','2025-08-28 01:23:29'),(639,72,'admin','GET','127.0.0.1','[]','2025-08-28 01:23:34','2025-08-28 01:23:34'),(640,72,'admin/rooms','GET','127.0.0.1','{\"_pjax\":\"#pjax-container\"}','2025-08-28 01:23:57','2025-08-28 01:23:57'),(641,72,'admin/rooms/26','GET','127.0.0.1','{\"_pjax\":\"#pjax-container\"}','2025-08-28 01:24:16','2025-08-28 01:24:16'),(642,72,'admin/rooms','GET','127.0.0.1','{\"_pjax\":\"#pjax-container\"}','2025-08-28 01:24:26','2025-08-28 01:24:26'),(643,72,'admin/borrow-rooms','GET','127.0.0.1','{\"_pjax\":\"#pjax-container\"}','2025-08-28 01:24:37','2025-08-28 01:24:37'),(644,72,'admin/rooms','GET','127.0.0.1','{\"_pjax\":\"#pjax-container\"}','2025-08-28 01:24:42','2025-08-28 01:24:42'),(645,72,'admin','GET','127.0.0.1','{\"_pjax\":\"#pjax-container\"}','2025-08-28 01:24:43','2025-08-28 01:24:43'),(646,72,'admin/rooms','GET','127.0.0.1','{\"_pjax\":\"#pjax-container\"}','2025-08-28 01:24:44','2025-08-28 01:24:44'),(647,72,'admin/auth/logout','GET','127.0.0.1','{\"_pjax\":\"#pjax-container\"}','2025-08-28 01:24:53','2025-08-28 01:24:53'),(648,1,'admin','GET','127.0.0.1','[]','2025-08-28 01:36:58','2025-08-28 01:36:58'),(649,1,'admin/room-types','GET','127.0.0.1','{\"_pjax\":\"#pjax-container\"}','2025-08-28 01:37:26','2025-08-28 01:37:26'),(650,1,'admin/rooms','GET','127.0.0.1','{\"_pjax\":\"#pjax-container\"}','2025-08-28 01:37:57','2025-08-28 01:37:57'),(651,1,'admin/rooms/26/edit','GET','127.0.0.1','{\"_pjax\":\"#pjax-container\"}','2025-08-28 01:38:09','2025-08-28 01:38:09'),(652,1,'admin/rooms','GET','127.0.0.1','{\"_pjax\":\"#pjax-container\"}','2025-08-28 01:38:36','2025-08-28 01:38:36'),(653,1,'admin/borrow-rooms','GET','127.0.0.1','{\"_pjax\":\"#pjax-container\"}','2025-08-28 01:39:08','2025-08-28 01:39:08'),(654,1,'admin/borrow-rooms/12','GET','127.0.0.1','{\"_pjax\":\"#pjax-container\"}','2025-08-28 01:40:05','2025-08-28 01:40:05'),(655,1,'admin/borrow-rooms','GET','127.0.0.1','{\"_pjax\":\"#pjax-container\"}','2025-08-28 01:40:12','2025-08-28 01:40:12'),(656,1,'admin/auth/login','GET','127.0.0.1','[]','2025-08-28 02:10:19','2025-08-28 02:10:19'),(657,1,'admin','GET','127.0.0.1','[]','2025-08-28 02:10:19','2025-08-28 02:10:19'),(658,1,'admin/auth/logout','GET','127.0.0.1','{\"_pjax\":\"#pjax-container\"}','2025-08-28 02:10:26','2025-08-28 02:10:26'),(659,73,'admin','GET','127.0.0.1','[]','2025-08-28 02:11:07','2025-08-28 02:11:07'),(660,73,'admin/borrow-rooms','GET','127.0.0.1','{\"_pjax\":\"#pjax-container\"}','2025-08-28 02:11:13','2025-08-28 02:11:13'),(661,73,'admin/auth/logout','GET','127.0.0.1','{\"_pjax\":\"#pjax-container\"}','2025-08-28 02:12:09','2025-08-28 02:12:09'),(662,1,'admin','GET','127.0.0.1','[]','2025-08-28 02:12:21','2025-08-28 02:12:21'),(663,1,'admin/auth/users','GET','127.0.0.1','{\"_pjax\":\"#pjax-container\"}','2025-08-28 02:12:26','2025-08-28 02:12:26'),(664,1,'admin/auth/logout','GET','127.0.0.1','{\"_pjax\":\"#pjax-container\"}','2025-08-28 02:12:34','2025-08-28 02:12:34'),(665,1,'admin','GET','127.0.0.1','[]','2025-08-28 02:25:33','2025-08-28 02:25:33'),(666,1,'admin/borrow-rooms','GET','127.0.0.1','{\"_pjax\":\"#pjax-container\"}','2025-08-28 02:25:35','2025-08-28 02:25:35'),(667,1,'admin/borrow-rooms/12/edit','GET','127.0.0.1','{\"_pjax\":\"#pjax-container\"}','2025-08-28 02:25:47','2025-08-28 02:25:47'),(668,1,'admin/borrow-rooms/12','PUT','127.0.0.1','{\"borrower_id\":\"72\",\"room_id\":\"26\",\"borrow_at\":\"2025-08-30 08:18\",\"until_at\":\"2025-08-30 10:18\",\"kepala_bidang_id\":\"65\",\"kepala_bidang_approval_status\":\"1\",\"admin_id\":null,\"admin_approval_status\":\"1\",\"processed_at\":\"2025-08-28 00:00\",\"returned_at\":\"2025-08-28 00:00\",\"notes\":null,\"_token\":\"dMfWeTtGHmFZVbEtBaIZsms6LmP72okFnnGJfMFR\",\"_method\":\"PUT\",\"_previous_\":\"http:\\/\\/127.0.0.1:8000\\/admin\\/borrow-rooms\"}','2025-08-28 02:25:59','2025-08-28 02:25:59'),(669,1,'admin/borrow-rooms','GET','127.0.0.1','[]','2025-08-28 02:25:59','2025-08-28 02:25:59'),(670,1,'admin/borrow-rooms/12','GET','127.0.0.1','{\"_pjax\":\"#pjax-container\"}','2025-08-28 02:26:01','2025-08-28 02:26:01'),(671,1,'admin/borrow-rooms','GET','127.0.0.1','{\"_pjax\":\"#pjax-container\"}','2025-08-28 02:26:04','2025-08-28 02:26:04'),(672,1,'admin/borrow-rooms/13/edit','GET','127.0.0.1','{\"_pjax\":\"#pjax-container\"}','2025-08-28 02:26:08','2025-08-28 02:26:08'),(673,1,'admin/borrow-rooms/13','PUT','127.0.0.1','{\"borrower_id\":\"73\",\"room_id\":\"30\",\"borrow_at\":\"2025-08-29 09:09\",\"until_at\":\"2025-08-29 11:09\",\"kepala_bidang_id\":\"65\",\"kepala_bidang_approval_status\":\"1\",\"admin_id\":null,\"admin_approval_status\":\"1\",\"processed_at\":\"2025-08-28 00:00\",\"returned_at\":\"2025-08-28 00:00\",\"notes\":null,\"_token\":\"dMfWeTtGHmFZVbEtBaIZsms6LmP72okFnnGJfMFR\",\"_method\":\"PUT\",\"_previous_\":\"http:\\/\\/127.0.0.1:8000\\/admin\\/borrow-rooms\"}','2025-08-28 02:26:14','2025-08-28 02:26:14'),(674,1,'admin/borrow-rooms','GET','127.0.0.1','[]','2025-08-28 02:26:14','2025-08-28 02:26:14'),(675,1,'admin/borrow-rooms','GET','127.0.0.1','[]','2025-08-28 02:27:49','2025-08-28 02:27:49'),(676,1,'admin/auth/login','GET','127.0.0.1','[]','2025-08-28 02:28:06','2025-08-28 02:28:06'),(677,1,'admin','GET','127.0.0.1','[]','2025-08-28 02:28:06','2025-08-28 02:28:06'),(678,1,'admin/auth/logout','GET','127.0.0.1','{\"_pjax\":\"#pjax-container\"}','2025-08-28 02:28:11','2025-08-28 02:28:11'),(679,73,'admin','GET','127.0.0.1','[]','2025-08-28 02:28:17','2025-08-28 02:28:17'),(680,73,'admin/borrow-rooms','GET','127.0.0.1','{\"_pjax\":\"#pjax-container\"}','2025-08-28 02:28:20','2025-08-28 02:28:20'),(681,73,'admin/borrow-rooms/14','GET','127.0.0.1','{\"_pjax\":\"#pjax-container\"}','2025-08-28 02:28:30','2025-08-28 02:28:30'),(682,73,'admin/borrow-rooms','GET','127.0.0.1','{\"_pjax\":\"#pjax-container\"}','2025-08-28 02:28:37','2025-08-28 02:28:37'),(683,73,'admin/rooms','GET','127.0.0.1','{\"_pjax\":\"#pjax-container\"}','2025-08-28 02:28:50','2025-08-28 02:28:50'),(684,73,'admin','GET','127.0.0.1','{\"_pjax\":\"#pjax-container\"}','2025-08-28 02:28:53','2025-08-28 02:28:53'),(685,73,'admin/rooms','GET','127.0.0.1','{\"_pjax\":\"#pjax-container\"}','2025-08-28 02:28:54','2025-08-28 02:28:54'),(686,73,'admin/borrow-rooms','GET','127.0.0.1','{\"_pjax\":\"#pjax-container\"}','2025-08-28 02:29:02','2025-08-28 02:29:02'),(687,73,'admin/auth/logout','GET','127.0.0.1','{\"_pjax\":\"#pjax-container\"}','2025-08-28 02:29:41','2025-08-28 02:29:41'),(688,1,'admin','GET','127.0.0.1','[]','2025-08-28 02:30:09','2025-08-28 02:30:09'),(689,1,'admin/borrow-rooms','GET','127.0.0.1','{\"_pjax\":\"#pjax-container\"}','2025-08-28 02:30:12','2025-08-28 02:30:12'),(690,1,'admin/borrow-rooms/14/edit','GET','127.0.0.1','{\"_pjax\":\"#pjax-container\"}','2025-08-28 02:30:15','2025-08-28 02:30:15'),(691,1,'admin/borrow-rooms/14','PUT','127.0.0.1','{\"borrower_id\":\"73\",\"room_id\":\"26\",\"borrow_at\":\"2025-08-29 09:27\",\"until_at\":\"2025-08-29 11:27\",\"kepala_bidang_id\":\"65\",\"kepala_bidang_approval_status\":\"1\",\"admin_id\":null,\"admin_approval_status\":\"0\",\"processed_at\":null,\"returned_at\":null,\"notes\":\"Digunakan untuk rapat Bidang Perencanaan dan PMPPO\",\"_token\":\"f2DgZeIsUvFzIx08MYaYqiEvX07P8cLhrXJSa7BB\",\"_method\":\"PUT\",\"_previous_\":\"http:\\/\\/127.0.0.1:8000\\/admin\\/borrow-rooms\"}','2025-08-28 02:30:20','2025-08-28 02:30:20'),(692,1,'admin/borrow-rooms','GET','127.0.0.1','[]','2025-08-28 02:30:20','2025-08-28 02:30:20'),(693,1,'admin/borrow-rooms/14/edit','GET','127.0.0.1','{\"_pjax\":\"#pjax-container\"}','2025-08-28 02:30:30','2025-08-28 02:30:30'),(694,1,'admin/borrow-rooms/14','PUT','127.0.0.1','{\"borrower_id\":\"73\",\"room_id\":\"26\",\"borrow_at\":\"2025-08-29 09:27\",\"until_at\":\"2025-08-29 11:27\",\"kepala_bidang_id\":\"65\",\"kepala_bidang_approval_status\":\"1\",\"admin_id\":\"1\",\"admin_approval_status\":\"1\",\"processed_at\":\"2025-08-28 00:00\",\"returned_at\":null,\"notes\":\"Digunakan untuk rapat Bidang Perencanaan dan PMPPO\",\"_token\":\"f2DgZeIsUvFzIx08MYaYqiEvX07P8cLhrXJSa7BB\",\"_method\":\"PUT\",\"_previous_\":\"http:\\/\\/127.0.0.1:8000\\/admin\\/borrow-rooms\"}','2025-08-28 02:30:35','2025-08-28 02:30:35'),(695,1,'admin/borrow-rooms','GET','127.0.0.1','[]','2025-08-28 02:30:35','2025-08-28 02:30:35'),(696,1,'admin/auth/login','GET','127.0.0.1','[]','2025-08-28 02:32:54','2025-08-28 02:32:54'),(697,1,'admin','GET','127.0.0.1','[]','2025-08-28 02:32:54','2025-08-28 02:32:54'),(698,1,'admin/borrow-rooms/14/edit','GET','127.0.0.1','{\"_pjax\":\"#pjax-container\"}','2025-08-28 02:38:00','2025-08-28 02:38:00'),(699,1,'admin/borrow-rooms','GET','127.0.0.1','{\"_pjax\":\"#pjax-container\"}','2025-08-28 02:38:05','2025-08-28 02:38:05'),(700,1,'admin/borrow-rooms/14','GET','127.0.0.1','{\"_pjax\":\"#pjax-container\"}','2025-08-28 02:38:13','2025-08-28 02:38:13'),(701,1,'admin/borrow-rooms','GET','127.0.0.1','{\"_pjax\":\"#pjax-container\"}','2025-08-28 02:38:17','2025-08-28 02:38:17'),(702,1,'admin/auth/logout','GET','127.0.0.1','{\"_pjax\":\"#pjax-container\"}','2025-08-28 02:38:25','2025-08-28 02:38:25'),(703,73,'admin','GET','127.0.0.1','[]','2025-08-28 02:38:36','2025-08-28 02:38:36'),(704,73,'admin/borrow-rooms','GET','127.0.0.1','{\"_pjax\":\"#pjax-container\"}','2025-08-28 02:38:38','2025-08-28 02:38:38'),(705,73,'admin/borrow-rooms/13','GET','127.0.0.1','{\"_pjax\":\"#pjax-container\"}','2025-08-28 02:38:41','2025-08-28 02:38:41'),(706,73,'admin/borrow-rooms','GET','127.0.0.1','{\"_pjax\":\"#pjax-container\"}','2025-08-28 02:38:45','2025-08-28 02:38:45'),(707,73,'admin/borrow-rooms/14','GET','127.0.0.1','{\"_pjax\":\"#pjax-container\"}','2025-08-28 02:38:47','2025-08-28 02:38:47'),(708,73,'admin/borrow-rooms','GET','127.0.0.1','{\"_pjax\":\"#pjax-container\"}','2025-08-28 02:44:16','2025-08-28 02:44:16'),(709,73,'admin/rooms','GET','127.0.0.1','{\"_pjax\":\"#pjax-container\"}','2025-08-28 02:44:21','2025-08-28 02:44:21'),(710,73,'admin/borrow-rooms','GET','127.0.0.1','{\"_pjax\":\"#pjax-container\"}','2025-08-28 02:44:27','2025-08-28 02:44:27'),(711,73,'admin/rooms','GET','127.0.0.1','{\"_pjax\":\"#pjax-container\"}','2025-08-28 02:44:29','2025-08-28 02:44:29'),(712,73,'admin','GET','127.0.0.1','{\"_pjax\":\"#pjax-container\"}','2025-08-28 02:44:35','2025-08-28 02:44:35'),(713,73,'admin/rooms','GET','127.0.0.1','{\"_pjax\":\"#pjax-container\"}','2025-08-28 02:44:36','2025-08-28 02:44:36'),(714,73,'admin/rooms/32','GET','127.0.0.1','{\"_pjax\":\"#pjax-container\"}','2025-08-28 02:56:19','2025-08-28 02:56:19'),(715,73,'admin/borrow-rooms','GET','127.0.0.1','{\"_pjax\":\"#pjax-container\"}','2025-08-28 02:56:24','2025-08-28 02:56:24'),(716,73,'admin/borrow-rooms','GET','127.0.0.1','{\"_columns_\":\"borrow_at,borrower.name,id,room.name,status,until_at\",\"_pjax\":\"#pjax-container\"}','2025-08-28 02:58:09','2025-08-28 02:58:09'),(717,73,'admin/borrow-rooms','GET','127.0.0.1','{\"_pjax\":\"#pjax-container\"}','2025-08-28 02:58:15','2025-08-28 02:58:15'),(718,73,'admin/auth/login','GET','127.0.0.1','[]','2025-08-28 03:59:21','2025-08-28 03:59:21'),(719,73,'admin','GET','127.0.0.1','[]','2025-08-28 03:59:21','2025-08-28 03:59:21'),(720,73,'admin/borrow-rooms','GET','127.0.0.1','{\"_pjax\":\"#pjax-container\"}','2025-08-28 03:59:26','2025-08-28 03:59:26'),(721,73,'admin/borrow-rooms','GET','127.0.0.1','[]','2025-08-28 04:37:51','2025-08-28 04:37:51'),(722,73,'admin/borrow-rooms','GET','127.0.0.1','{\"_columns_\":\"borrow_at,borrower.name,id,kepala_bidang.name,room.name,status,until_at\",\"_pjax\":\"#pjax-container\"}','2025-08-28 04:37:58','2025-08-28 04:37:58'),(723,73,'admin/borrow-rooms','GET','127.0.0.1','{\"_pjax\":\"#pjax-container\"}','2025-08-28 04:38:00','2025-08-28 04:38:00'),(724,73,'admin/borrow-rooms','GET','127.0.0.1','[]','2025-08-28 04:39:26','2025-08-28 04:39:26'),(725,73,'admin/rooms','GET','127.0.0.1','{\"_pjax\":\"#pjax-container\"}','2025-08-28 04:39:51','2025-08-28 04:39:51'),(726,73,'admin/borrow-rooms','GET','127.0.0.1','{\"_pjax\":\"#pjax-container\"}','2025-08-28 04:39:53','2025-08-28 04:39:53'),(727,73,'admin/auth/logout','GET','127.0.0.1','{\"_pjax\":\"#pjax-container\"}','2025-08-28 04:39:55','2025-08-28 04:39:55'),(728,1,'admin','GET','127.0.0.1','[]','2025-08-28 04:40:00','2025-08-28 04:40:00'),(729,1,'admin/borrow-rooms','GET','127.0.0.1','{\"_pjax\":\"#pjax-container\"}','2025-08-28 04:40:02','2025-08-28 04:40:02'),(730,1,'admin/rooms','GET','127.0.0.1','{\"_pjax\":\"#pjax-container\"}','2025-08-28 04:40:18','2025-08-28 04:40:18'),(731,1,'admin/borrow-rooms','GET','127.0.0.1','{\"_pjax\":\"#pjax-container\"}','2025-08-28 04:40:19','2025-08-28 04:40:19'),(732,1,'admin/borrow-rooms/4','GET','127.0.0.1','{\"_pjax\":\"#pjax-container\"}','2025-08-28 04:40:45','2025-08-28 04:40:45'),(733,1,'admin/borrow-rooms/4','GET','127.0.0.1','[]','2025-08-28 04:42:37','2025-08-28 04:42:37'),(734,1,'admin/borrow-rooms/4','GET','127.0.0.1','[]','2025-08-28 04:44:48','2025-08-28 04:44:48'),(735,1,'admin/borrow-rooms','GET','127.0.0.1','{\"_pjax\":\"#pjax-container\"}','2025-08-28 04:44:54','2025-08-28 04:44:54'),(736,1,'admin/borrow-rooms/4/edit','GET','127.0.0.1','{\"_pjax\":\"#pjax-container\"}','2025-08-28 04:45:01','2025-08-28 04:45:01'),(737,1,'admin/borrow-rooms','GET','127.0.0.1','{\"_pjax\":\"#pjax-container\"}','2025-08-28 04:45:06','2025-08-28 04:45:06'),(738,1,'admin/borrow-rooms/4','GET','127.0.0.1','{\"_pjax\":\"#pjax-container\"}','2025-08-28 04:45:08','2025-08-28 04:45:08'),(739,1,'admin/borrow-rooms','GET','127.0.0.1','{\"_pjax\":\"#pjax-container\"}','2025-08-28 04:45:39','2025-08-28 04:45:39'),(740,1,'admin/borrow-rooms/14','GET','127.0.0.1','{\"_pjax\":\"#pjax-container\"}','2025-08-28 04:45:44','2025-08-28 04:45:44'),(741,1,'admin/borrow-rooms','GET','127.0.0.1','{\"_pjax\":\"#pjax-container\"}','2025-08-28 04:45:48','2025-08-28 04:45:48'),(742,1,'admin/borrow-rooms/4','GET','127.0.0.1','{\"_pjax\":\"#pjax-container\"}','2025-08-28 06:11:22','2025-08-28 06:11:22'),(743,1,'admin/borrow-rooms','GET','127.0.0.1','{\"_pjax\":\"#pjax-container\"}','2025-08-28 06:11:25','2025-08-28 06:11:25'),(744,1,'admin/auth/logout','GET','127.0.0.1','{\"_pjax\":\"#pjax-container\"}','2025-08-28 06:23:15','2025-08-28 06:23:15'),(745,71,'admin','GET','127.0.0.1','[]','2025-08-28 06:23:22','2025-08-28 06:23:22'),(746,71,'admin/auth/setting','GET','127.0.0.1','{\"_pjax\":\"#pjax-container\"}','2025-08-28 06:23:32','2025-08-28 06:23:32'),(747,71,'admin/auth/setting','PUT','127.0.0.1','{\"name\":\"ARJUN\",\"password\":\"$2y$10$PYOtscYa0UclQAMg9R2B8uZCjFrJdDcOXskG0yYhN4VyIRYcV9mJO\",\"password_confirmation\":\"$2y$10$PYOtscYa0UclQAMg9R2B8uZCjFrJdDcOXskG0yYhN4VyIRYcV9mJO\",\"_token\":\"Bu84gnbT87BeQGMdVPRFfQtWA0xn3bnODLUogxE7\",\"_method\":\"PUT\",\"_previous_\":\"http:\\/\\/127.0.0.1:8000\\/admin\"}','2025-08-28 06:23:49','2025-08-28 06:23:49'),(748,71,'admin/auth/setting','GET','127.0.0.1','[]','2025-08-28 06:23:49','2025-08-28 06:23:49'),(749,71,'admin/auth/setting','PUT','127.0.0.1','{\"name\":\"ARJUN\",\"password\":\"$2y$10$PYOtscYa0UclQAMg9R2B8uZCjFrJdDcOXskG0yYhN4VyIRYcV9mJO\",\"password_confirmation\":\"$2y$10$PYOtscYa0UclQAMg9R2B8uZCjFrJdDcOXskG0yYhN4VyIRYcV9mJO\",\"_token\":\"Bu84gnbT87BeQGMdVPRFfQtWA0xn3bnODLUogxE7\",\"_method\":\"PUT\"}','2025-08-28 06:24:06','2025-08-28 06:24:06'),(750,71,'admin/auth/setting','GET','127.0.0.1','[]','2025-08-28 06:24:07','2025-08-28 06:24:07'),(751,71,'admin','GET','127.0.0.1','{\"_pjax\":\"#pjax-container\"}','2025-08-28 06:24:13','2025-08-28 06:24:13'),(752,71,'admin/auth/setting','GET','127.0.0.1','{\"_pjax\":\"#pjax-container\"}','2025-08-28 06:24:16','2025-08-28 06:24:16'),(753,71,'admin/auth/logout','GET','127.0.0.1','{\"_pjax\":\"#pjax-container\"}','2025-08-28 06:30:25','2025-08-28 06:30:25'),(754,1,'admin','GET','127.0.0.1','[]','2025-08-28 08:47:51','2025-08-28 08:47:51'),(755,1,'admin/borrow-rooms','GET','127.0.0.1','{\"_pjax\":\"#pjax-container\"}','2025-08-28 08:48:00','2025-08-28 08:48:00'),(756,1,'admin/borrow-rooms/14','GET','127.0.0.1','{\"_pjax\":\"#pjax-container\"}','2025-08-28 08:48:09','2025-08-28 08:48:09'),(757,1,'admin/borrow-rooms','GET','127.0.0.1','{\"_pjax\":\"#pjax-container\"}','2025-08-28 08:48:16','2025-08-28 08:48:16'),(758,1,'admin/rooms','GET','127.0.0.1','{\"_pjax\":\"#pjax-container\"}','2025-08-28 08:50:20','2025-08-28 08:50:20'),(759,1,'admin/auth/login','GET','127.0.0.1','[]','2025-08-29 00:44:36','2025-08-29 00:44:36'),(760,1,'admin','GET','127.0.0.1','[]','2025-08-29 00:44:36','2025-08-29 00:44:36'),(761,1,'admin/auth/login','GET','127.0.0.1','[]','2025-09-01 06:20:12','2025-09-01 06:20:12'),(762,1,'admin','GET','127.0.0.1','[]','2025-09-01 06:20:12','2025-09-01 06:20:12'),(763,1,'admin/borrow-rooms','GET','127.0.0.1','{\"_pjax\":\"#pjax-container\"}','2025-09-01 06:20:16','2025-09-01 06:20:16'),(764,1,'admin/borrow-rooms/4','GET','127.0.0.1','{\"_pjax\":\"#pjax-container\"}','2025-09-01 06:20:20','2025-09-01 06:20:20'),(765,1,'admin/auth/logout','GET','127.0.0.1','{\"_pjax\":\"#pjax-container\"}','2025-09-01 06:21:52','2025-09-01 06:21:52'),(766,65,'admin','GET','127.0.0.1','[]','2025-09-01 06:25:53','2025-09-01 06:25:53'),(767,65,'admin/rooms','GET','127.0.0.1','{\"_pjax\":\"#pjax-container\"}','2025-09-01 06:26:36','2025-09-01 06:26:36'),(768,65,'admin/auth/logout','GET','127.0.0.1','{\"_pjax\":\"#pjax-container\"}','2025-09-01 06:26:44','2025-09-01 06:26:44'),(769,74,'admin','GET','127.0.0.1','[]','2025-09-01 06:29:22','2025-09-01 06:29:22'),(770,74,'admin/borrow-rooms','GET','127.0.0.1','{\"_pjax\":\"#pjax-container\"}','2025-09-01 06:29:29','2025-09-01 06:29:29'),(771,74,'admin/borrow-rooms/15','GET','127.0.0.1','{\"_pjax\":\"#pjax-container\"}','2025-09-01 06:29:39','2025-09-01 06:29:39'),(772,74,'admin/auth/logout','GET','127.0.0.1','{\"_pjax\":\"#pjax-container\"}','2025-09-01 06:29:45','2025-09-01 06:29:45'),(773,1,'admin','GET','127.0.0.1','[]','2025-09-01 06:29:54','2025-09-01 06:29:54'),(774,1,'admin/borrow-rooms','GET','127.0.0.1','{\"_pjax\":\"#pjax-container\"}','2025-09-01 06:29:58','2025-09-01 06:29:58'),(775,1,'admin/borrow-rooms/15/edit','GET','127.0.0.1','{\"_pjax\":\"#pjax-container\"}','2025-09-01 06:30:03','2025-09-01 06:30:03'),(776,1,'admin/borrow-rooms/15','PUT','127.0.0.1','{\"borrower_id\":\"74\",\"room_id\":\"27\",\"borrow_at\":\"2025-09-02 10:00\",\"until_at\":\"2025-09-02 13:00\",\"kepala_bidang_id\":\"65\",\"kepala_bidang_approval_status\":\"1\",\"admin_id\":null,\"admin_approval_status\":\"0\",\"processed_at\":null,\"returned_at\":null,\"notes\":\"Digunakan untuk rapat bagian subag umum\",\"_token\":\"PfyTri6kKmvtlKpLa1U70hIX7iZGuGqvw5ZY9PY9\",\"_method\":\"PUT\",\"_previous_\":\"http:\\/\\/127.0.0.1:8000\\/admin\\/borrow-rooms\"}','2025-09-01 06:30:10','2025-09-01 06:30:10'),(777,1,'admin/borrow-rooms','GET','127.0.0.1','[]','2025-09-01 06:30:10','2025-09-01 06:30:10'),(778,1,'admin/borrow-rooms/15/edit','GET','127.0.0.1','{\"_pjax\":\"#pjax-container\"}','2025-09-01 06:30:15','2025-09-01 06:30:15'),(779,1,'admin/borrow-rooms/15','PUT','127.0.0.1','{\"borrower_id\":\"74\",\"room_id\":\"27\",\"borrow_at\":\"2025-09-02 10:00\",\"until_at\":\"2025-09-02 13:00\",\"kepala_bidang_id\":\"65\",\"kepala_bidang_approval_status\":\"1\",\"admin_id\":\"1\",\"admin_approval_status\":\"1\",\"processed_at\":\"2025-09-02 09:00\",\"returned_at\":null,\"notes\":\"Digunakan untuk rapat bagian subag umum\",\"_token\":\"PfyTri6kKmvtlKpLa1U70hIX7iZGuGqvw5ZY9PY9\",\"_method\":\"PUT\",\"_previous_\":\"http:\\/\\/127.0.0.1:8000\\/admin\\/borrow-rooms\"}','2025-09-01 06:30:28','2025-09-01 06:30:28'),(780,1,'admin/borrow-rooms','GET','127.0.0.1','[]','2025-09-01 06:30:28','2025-09-01 06:30:28'),(781,1,'admin/borrow-rooms/15/edit','GET','127.0.0.1','{\"_pjax\":\"#pjax-container\"}','2025-09-01 06:30:40','2025-09-01 06:30:40'),(782,1,'admin/borrow-rooms/15','PUT','127.0.0.1','{\"borrower_id\":\"74\",\"room_id\":\"27\",\"borrow_at\":\"2025-09-02 10:00\",\"until_at\":\"2025-09-02 13:00\",\"kepala_bidang_id\":\"65\",\"kepala_bidang_approval_status\":\"1\",\"admin_id\":\"1\",\"admin_approval_status\":\"1\",\"processed_at\":\"2025-09-02 09:00\",\"returned_at\":\"2025-09-02 14:00\",\"notes\":\"Digunakan untuk rapat bagian subag umum\",\"_token\":\"PfyTri6kKmvtlKpLa1U70hIX7iZGuGqvw5ZY9PY9\",\"_method\":\"PUT\",\"_previous_\":\"http:\\/\\/127.0.0.1:8000\\/admin\\/borrow-rooms\"}','2025-09-01 06:30:54','2025-09-01 06:30:54'),(783,1,'admin/borrow-rooms','GET','127.0.0.1','[]','2025-09-01 06:30:55','2025-09-01 06:30:55'),(784,1,'admin/auth/logout','GET','127.0.0.1','{\"_pjax\":\"#pjax-container\"}','2025-09-01 06:32:28','2025-09-01 06:32:28'),(785,1,'admin','GET','127.0.0.1','[]','2025-09-01 06:33:46','2025-09-01 06:33:46'),(786,1,'admin/auth/users','GET','127.0.0.1','{\"_pjax\":\"#pjax-container\"}','2025-09-01 06:33:49','2025-09-01 06:33:49'),(787,1,'admin/auth/users/create','GET','127.0.0.1','{\"_pjax\":\"#pjax-container\"}','2025-09-01 06:33:54','2025-09-01 06:33:54'),(788,1,'admin/rooms','GET','127.0.0.1','{\"_pjax\":\"#pjax-container\"}','2025-09-01 06:34:24','2025-09-01 06:34:24'),(789,1,'admin/rooms/create','GET','127.0.0.1','{\"_pjax\":\"#pjax-container\"}','2025-09-01 06:34:25','2025-09-01 06:34:25'),(790,1,'admin/auth/logout','GET','127.0.0.1','{\"_pjax\":\"#pjax-container\"}','2025-09-01 06:34:33','2025-09-01 06:34:33'),(791,1,'admin','GET','127.0.0.1','[]','2025-09-01 06:36:03','2025-09-01 06:36:03'),(792,1,'admin/borrow-rooms','GET','127.0.0.1','{\"_pjax\":\"#pjax-container\"}','2025-09-01 06:36:11','2025-09-01 06:36:11'),(793,1,'admin/auth/logout','GET','127.0.0.1','{\"_pjax\":\"#pjax-container\"}','2025-09-01 06:38:38','2025-09-01 06:38:38'),(794,74,'admin','GET','127.0.0.1','[]','2025-09-01 06:41:45','2025-09-01 06:41:45'),(795,74,'admin/auth/logout','GET','127.0.0.1','{\"_pjax\":\"#pjax-container\"}','2025-09-01 06:42:02','2025-09-01 06:42:02'),(796,74,'admin','GET','127.0.0.1','[]','2025-09-01 06:45:46','2025-09-01 06:45:46'),(797,74,'admin/borrow-rooms','GET','127.0.0.1','{\"_pjax\":\"#pjax-container\"}','2025-09-01 06:45:50','2025-09-01 06:45:50'),(798,74,'admin/auth/logout','GET','127.0.0.1','{\"_pjax\":\"#pjax-container\"}','2025-09-01 06:46:31','2025-09-01 06:46:31'),(799,1,'admin','GET','127.0.0.1','[]','2025-09-01 06:46:38','2025-09-01 06:46:38'),(800,1,'admin/borrow-rooms','GET','127.0.0.1','{\"_pjax\":\"#pjax-container\"}','2025-09-01 06:46:40','2025-09-01 06:46:40'),(801,1,'admin/borrow-rooms/create','GET','127.0.0.1','{\"_pjax\":\"#pjax-container\"}','2025-09-01 06:46:44','2025-09-01 06:46:44'),(802,1,'admin/api/rooms','GET','127.0.0.1','{\"q\":\"sasana\"}','2025-09-01 06:47:33','2025-09-01 06:47:33'),(803,1,'admin/auth/logout','GET','127.0.0.1','{\"_pjax\":\"#pjax-container\"}','2025-09-01 06:49:58','2025-09-01 06:49:58'),(804,74,'admin','GET','127.0.0.1','[]','2025-09-01 06:50:45','2025-09-01 06:50:45'),(805,74,'admin/rooms','GET','127.0.0.1','{\"_pjax\":\"#pjax-container\"}','2025-09-01 06:50:55','2025-09-01 06:50:55'),(806,74,'admin/rooms/26','GET','127.0.0.1','{\"_pjax\":\"#pjax-container\"}','2025-09-01 06:51:16','2025-09-01 06:51:16'),(807,74,'admin/rooms','GET','127.0.0.1','{\"_pjax\":\"#pjax-container\"}','2025-09-01 06:51:20','2025-09-01 06:51:20'),(808,74,'admin/borrow-rooms','GET','127.0.0.1','{\"_pjax\":\"#pjax-container\"}','2025-09-01 06:51:43','2025-09-01 06:51:43'),(809,74,'admin/rooms','GET','127.0.0.1','{\"_pjax\":\"#pjax-container\"}','2025-09-01 06:51:57','2025-09-01 06:51:57'),(810,74,'admin/borrow-rooms','GET','127.0.0.1','{\"_pjax\":\"#pjax-container\"}','2025-09-01 06:52:41','2025-09-01 06:52:41'),(811,74,'admin/rooms','GET','127.0.0.1','{\"_pjax\":\"#pjax-container\"}','2025-09-01 06:52:44','2025-09-01 06:52:44'),(812,74,'admin/borrow-rooms','GET','127.0.0.1','{\"_pjax\":\"#pjax-container\"}','2025-09-01 06:54:08','2025-09-01 06:54:08'),(813,74,'admin/auth/logout','GET','127.0.0.1','{\"_pjax\":\"#pjax-container\"}','2025-09-01 06:54:16','2025-09-01 06:54:16'),(814,1,'admin','GET','127.0.0.1','[]','2025-09-01 07:02:20','2025-09-01 07:02:20'),(815,1,'admin/borrow-rooms','GET','127.0.0.1','{\"_pjax\":\"#pjax-container\"}','2025-09-01 07:02:25','2025-09-01 07:02:25'),(816,1,'admin/borrow-rooms','GET','127.0.0.1','{\"_columns_\":\"borrow_at,borrower.name,id,kepala_bidang.name,room.name,status,until_at\",\"_pjax\":\"#pjax-container\"}','2025-09-01 07:02:40','2025-09-01 07:02:40'),(817,1,'admin/borrow-rooms','GET','127.0.0.1','{\"_pjax\":\"#pjax-container\"}','2025-09-01 07:02:45','2025-09-01 07:02:45'),(818,1,'admin/auth/logout','GET','127.0.0.1','{\"_pjax\":\"#pjax-container\"}','2025-09-01 07:04:39','2025-09-01 07:04:39'),(819,1,'admin','GET','127.0.0.1','[]','2025-09-01 07:53:23','2025-09-01 07:53:23'),(820,1,'admin/borrow-rooms','GET','127.0.0.1','{\"_pjax\":\"#pjax-container\"}','2025-09-01 07:53:26','2025-09-01 07:53:26'),(821,1,'admin/auth/logout','GET','127.0.0.1','{\"_pjax\":\"#pjax-container\"}','2025-09-01 07:53:45','2025-09-01 07:53:45'),(822,1,'admin','GET','127.0.0.1','[]','2025-09-01 07:55:36','2025-09-01 07:55:36'),(823,1,'admin/borrow-rooms','GET','127.0.0.1','{\"_pjax\":\"#pjax-container\"}','2025-09-01 07:55:38','2025-09-01 07:55:38'),(824,1,'admin/borrow-rooms/14/edit','GET','127.0.0.1','{\"_pjax\":\"#pjax-container\"}','2025-09-01 07:55:54','2025-09-01 07:55:54'),(825,1,'admin/borrow-rooms/14','PUT','127.0.0.1','{\"borrower_id\":\"73\",\"room_id\":\"26\",\"borrow_at\":\"2025-08-29 09:27\",\"until_at\":\"2025-08-29 11:27\",\"kepala_bidang_id\":\"65\",\"kepala_bidang_approval_status\":\"1\",\"admin_id\":\"1\",\"admin_approval_status\":\"1\",\"processed_at\":\"2025-08-28 00:00\",\"returned_at\":\"2025-09-01 00:00\",\"notes\":\"Digunakan untuk rapat Bidang Perencanaan dan PMPPO\",\"_token\":\"FT4wSPTCAACdIvBdo40ZsDErby64Z3tnDt6KMUc8\",\"_method\":\"PUT\",\"_previous_\":\"http:\\/\\/127.0.0.1:8000\\/admin\\/borrow-rooms\"}','2025-09-01 07:55:58','2025-09-01 07:55:58'),(826,1,'admin/borrow-rooms','GET','127.0.0.1','[]','2025-09-01 07:55:58','2025-09-01 07:55:58'),(827,1,'admin/borrow-rooms','GET','127.0.0.1','[]','2025-09-01 07:56:41','2025-09-01 07:56:41'),(828,1,'admin/borrow-rooms','GET','127.0.0.1','[]','2025-09-01 07:58:46','2025-09-01 07:58:46'),(829,1,'admin/rooms','GET','127.0.0.1','{\"_pjax\":\"#pjax-container\"}','2025-09-01 08:00:34','2025-09-01 08:00:34'),(830,1,'admin/rooms','GET','127.0.0.1','[]','2025-09-01 08:00:50','2025-09-01 08:00:50'),(831,1,'admin/borrow-rooms','GET','127.0.0.1','{\"_pjax\":\"#pjax-container\"}','2025-09-01 08:00:54','2025-09-01 08:00:54'),(832,1,'admin/borrow-rooms','GET','127.0.0.1','[]','2025-09-01 08:48:38','2025-09-01 08:48:38'),(833,1,'admin/auth/login','GET','127.0.0.1','[]','2025-09-09 04:21:12','2025-09-09 04:21:12'),(834,1,'admin','GET','127.0.0.1','[]','2025-09-09 04:21:12','2025-09-09 04:21:12'),(835,1,'admin/auth/logout','GET','127.0.0.1','{\"_pjax\":\"#pjax-container\"}','2025-09-09 04:21:36','2025-09-09 04:21:36'),(836,1,'admin','GET','127.0.0.1','[]','2025-09-11 00:40:01','2025-09-11 00:40:01'),(837,1,'admin/auth/setting','GET','127.0.0.1','{\"_pjax\":\"#pjax-container\"}','2025-09-11 00:40:10','2025-09-11 00:40:10'),(838,1,'admin/auth/logout','GET','127.0.0.1','{\"_pjax\":\"#pjax-container\"}','2025-09-11 00:40:40','2025-09-11 00:40:40'),(839,71,'admin','GET','127.0.0.1','[]','2025-09-11 00:40:47','2025-09-11 00:40:47'),(840,71,'admin/auth/setting','GET','127.0.0.1','{\"_pjax\":\"#pjax-container\"}','2025-09-11 00:40:58','2025-09-11 00:40:58'),(841,71,'admin/auth/logout','GET','127.0.0.1','{\"_pjax\":\"#pjax-container\"}','2025-09-11 00:41:01','2025-09-11 00:41:01'),(842,74,'admin','GET','127.0.0.1','[]','2025-09-11 00:41:08','2025-09-11 00:41:08'),(843,74,'admin/auth/logout','GET','127.0.0.1','{\"_pjax\":\"#pjax-container\"}','2025-09-11 00:41:20','2025-09-11 00:41:20'),(844,72,'admin','GET','127.0.0.1','[]','2025-09-11 00:41:29','2025-09-11 00:41:29'),(845,72,'admin/rooms','GET','127.0.0.1','{\"_pjax\":\"#pjax-container\"}','2025-09-11 00:41:39','2025-09-11 00:41:39'),(846,72,'admin/borrow-rooms','GET','127.0.0.1','{\"_pjax\":\"#pjax-container\"}','2025-09-11 00:41:46','2025-09-11 00:41:46'),(847,72,'admin/rooms','GET','127.0.0.1','{\"_pjax\":\"#pjax-container\"}','2025-09-11 00:41:51','2025-09-11 00:41:51'),(848,72,'admin/auth/logout','GET','127.0.0.1','{\"_pjax\":\"#pjax-container\"}','2025-09-11 00:41:56','2025-09-11 00:41:56'),(849,72,'admin','GET','127.0.0.1','[]','2025-09-11 00:49:55','2025-09-11 00:49:55'),(850,72,'admin/rooms','GET','127.0.0.1','{\"_pjax\":\"#pjax-container\"}','2025-09-11 00:50:03','2025-09-11 00:50:03'),(851,72,'admin/borrow-rooms','GET','127.0.0.1','{\"_pjax\":\"#pjax-container\"}','2025-09-11 00:50:18','2025-09-11 00:50:18'),(852,72,'admin/borrow-rooms','GET','127.0.0.1','{\"_pjax\":\"#pjax-container\"}','2025-09-11 00:52:26','2025-09-11 00:52:26'),(853,72,'admin','GET','127.0.0.1','{\"_pjax\":\"#pjax-container\"}','2025-09-11 00:52:30','2025-09-11 00:52:30'),(854,72,'admin','GET','127.0.0.1','{\"_pjax\":\"#pjax-container\"}','2025-09-11 00:52:31','2025-09-11 00:52:31'),(855,72,'admin/auth/users','GET','127.0.0.1','{\"_pjax\":\"#pjax-container\"}','2025-09-11 00:52:39','2025-09-11 00:52:39'),(856,72,'admin/borrow-rooms','GET','127.0.0.1','{\"_pjax\":\"#pjax-container\"}','2025-09-11 00:52:40','2025-09-11 00:52:40'),(857,72,'admin/auth/logout','GET','127.0.0.1','{\"_pjax\":\"#pjax-container\"}','2025-09-11 01:07:00','2025-09-11 01:07:00'),(858,1,'admin','GET','127.0.0.1','[]','2025-09-11 03:31:48','2025-09-11 03:31:48'),(859,1,'admin/rooms','GET','127.0.0.1','{\"_pjax\":\"#pjax-container\"}','2025-09-11 03:31:54','2025-09-11 03:31:54'),(860,1,'admin/room-types','GET','127.0.0.1','{\"_pjax\":\"#pjax-container\"}','2025-09-11 03:31:58','2025-09-11 03:31:58'),(861,1,'admin/room-types/28/edit','GET','127.0.0.1','{\"_pjax\":\"#pjax-container\"}','2025-09-11 03:32:09','2025-09-11 03:32:09'),(862,1,'admin/room-types/28','PUT','127.0.0.1','{\"name\":\"Ruang Rapat\",\"is_active\":\"on\",\"_token\":\"9G42PAGd0wFYOpt01vZmLAlYx0PsNmyASX5uEfgj\",\"_method\":\"PUT\",\"_previous_\":\"http:\\/\\/127.0.0.1:8000\\/admin\\/room-types\"}','2025-09-11 03:32:30','2025-09-11 03:32:30'),(863,1,'admin/room-types','GET','127.0.0.1','[]','2025-09-11 03:32:30','2025-09-11 03:32:30'),(864,1,'admin/rooms','GET','127.0.0.1','{\"_pjax\":\"#pjax-container\"}','2025-09-11 03:32:32','2025-09-11 03:32:32'),(865,1,'admin/room-types','GET','127.0.0.1','{\"_pjax\":\"#pjax-container\"}','2025-09-11 03:32:52','2025-09-11 03:32:52'),(866,1,'admin/room-types/27/edit','GET','127.0.0.1','{\"_pjax\":\"#pjax-container\"}','2025-09-11 03:32:58','2025-09-11 03:32:58'),(867,1,'admin/room-types/27','PUT','127.0.0.1','{\"name\":\"Auditorium\",\"is_active\":\"on\",\"_token\":\"9G42PAGd0wFYOpt01vZmLAlYx0PsNmyASX5uEfgj\",\"_method\":\"PUT\",\"_previous_\":\"http:\\/\\/127.0.0.1:8000\\/admin\\/room-types\"}','2025-09-11 03:33:03','2025-09-11 03:33:03'),(868,1,'admin/room-types','GET','127.0.0.1','[]','2025-09-11 03:33:03','2025-09-11 03:33:03'),(869,1,'admin/rooms','GET','127.0.0.1','{\"_pjax\":\"#pjax-container\"}','2025-09-11 03:33:08','2025-09-11 03:33:08'),(870,1,'admin/rooms/28/edit','GET','127.0.0.1','{\"_pjax\":\"#pjax-container\"}','2025-09-11 03:33:40','2025-09-11 03:33:40'),(871,1,'admin/rooms/28','PUT','127.0.0.1','{\"name\":\"Sasana Cipta\",\"room_type_id\":\"28\",\"max_people\":\"100\",\"status\":\"0\",\"notes\":null,\"_token\":\"9G42PAGd0wFYOpt01vZmLAlYx0PsNmyASX5uEfgj\",\"_method\":\"PUT\",\"_previous_\":\"http:\\/\\/127.0.0.1:8000\\/admin\\/rooms\"}','2025-09-11 03:34:33','2025-09-11 03:34:33'),(872,1,'admin/rooms','GET','127.0.0.1','[]','2025-09-11 03:34:33','2025-09-11 03:34:33'),(873,1,'admin/borrow-rooms','GET','127.0.0.1','{\"_pjax\":\"#pjax-container\"}','2025-09-11 03:34:37','2025-09-11 03:34:37'),(874,1,'admin/rooms','GET','127.0.0.1','{\"_pjax\":\"#pjax-container\"}','2025-09-11 03:34:40','2025-09-11 03:34:40'),(875,1,'admin/rooms/26/edit','GET','127.0.0.1','{\"_pjax\":\"#pjax-container\"}','2025-09-11 03:35:10','2025-09-11 03:35:10'),(876,1,'admin/rooms/26','PUT','127.0.0.1','{\"name\":\"Sasana Mitra\",\"room_type_id\":\"26\",\"max_people\":\"20\",\"status\":\"3\",\"notes\":null,\"_token\":\"9G42PAGd0wFYOpt01vZmLAlYx0PsNmyASX5uEfgj\",\"_method\":\"PUT\",\"_previous_\":\"http:\\/\\/127.0.0.1:8000\\/admin\\/rooms\"}','2025-09-11 03:35:15','2025-09-11 03:35:15'),(877,1,'admin/rooms','GET','127.0.0.1','[]','2025-09-11 03:35:16','2025-09-11 03:35:16'),(878,1,'admin/rooms/26/edit','GET','127.0.0.1','{\"_pjax\":\"#pjax-container\"}','2025-09-11 03:35:18','2025-09-11 03:35:18'),(879,1,'admin/rooms/26','PUT','127.0.0.1','{\"name\":\"Sasana Mitra\",\"room_type_id\":\"26\",\"max_people\":\"20\",\"status\":\"0\",\"notes\":null,\"_token\":\"9G42PAGd0wFYOpt01vZmLAlYx0PsNmyASX5uEfgj\",\"_method\":\"PUT\",\"_previous_\":\"http:\\/\\/127.0.0.1:8000\\/admin\\/rooms\"}','2025-09-11 03:35:20','2025-09-11 03:35:20'),(880,1,'admin/rooms','GET','127.0.0.1','[]','2025-09-11 03:35:21','2025-09-11 03:35:21'),(881,1,'admin/room-types','GET','127.0.0.1','{\"_pjax\":\"#pjax-container\"}','2025-09-11 03:35:26','2025-09-11 03:35:26'),(882,1,'admin/borrow-rooms','GET','127.0.0.1','{\"_pjax\":\"#pjax-container\"}','2025-09-11 03:35:27','2025-09-11 03:35:27'),(883,1,'admin/rooms','GET','127.0.0.1','{\"_pjax\":\"#pjax-container\"}','2025-09-11 03:35:31','2025-09-11 03:35:31'),(884,1,'admin/rooms/28/edit','GET','127.0.0.1','{\"_pjax\":\"#pjax-container\"}','2025-09-11 03:35:39','2025-09-11 03:35:39'),(885,1,'admin/rooms/28/edit','GET','127.0.0.1','[]','2025-09-11 03:37:26','2025-09-11 03:37:26'),(886,1,'admin/rooms/28/edit','GET','127.0.0.1','[]','2025-09-11 03:38:41','2025-09-11 03:38:41'),(887,1,'admin/rooms/28','PUT','127.0.0.1','{\"name\":\"Sasana Cipta\",\"room_type_id\":\"28\",\"max_people\":\"120\",\"status\":\"0\",\"notes\":null,\"_token\":\"9G42PAGd0wFYOpt01vZmLAlYx0PsNmyASX5uEfgj\",\"_method\":\"PUT\"}','2025-09-11 03:38:49','2025-09-11 03:38:49'),(888,1,'admin/rooms','GET','127.0.0.1','[]','2025-09-11 03:38:49','2025-09-11 03:38:49'),(889,1,'admin/rooms/26/edit','GET','127.0.0.1','{\"_pjax\":\"#pjax-container\"}','2025-09-11 03:39:08','2025-09-11 03:39:08'),(890,1,'admin/rooms/26','PUT','127.0.0.1','{\"name\":\"Sasana Mitra\",\"room_type_id\":\"26\",\"max_people\":\"30\",\"status\":\"0\",\"notes\":null,\"_token\":\"9G42PAGd0wFYOpt01vZmLAlYx0PsNmyASX5uEfgj\",\"_method\":\"PUT\",\"_previous_\":\"http:\\/\\/127.0.0.1:8000\\/admin\\/rooms\"}','2025-09-11 03:39:27','2025-09-11 03:39:27'),(891,1,'admin/rooms','GET','127.0.0.1','[]','2025-09-11 03:39:27','2025-09-11 03:39:27'),(892,1,'admin/rooms/27/edit','GET','127.0.0.1','{\"_pjax\":\"#pjax-container\"}','2025-09-11 03:39:42','2025-09-11 03:39:42'),(893,1,'admin/rooms/27','PUT','127.0.0.1','{\"name\":\"Sasana Krida\",\"room_type_id\":\"27\",\"max_people\":\"150\",\"status\":\"0\",\"notes\":null,\"_token\":\"9G42PAGd0wFYOpt01vZmLAlYx0PsNmyASX5uEfgj\",\"_method\":\"PUT\",\"_previous_\":\"http:\\/\\/127.0.0.1:8000\\/admin\\/rooms\"}','2025-09-11 03:39:56','2025-09-11 03:39:56'),(894,1,'admin/rooms','GET','127.0.0.1','[]','2025-09-11 03:39:56','2025-09-11 03:39:56'),(895,1,'admin/rooms/29/edit','GET','127.0.0.1','{\"_pjax\":\"#pjax-container\"}','2025-09-11 03:40:00','2025-09-11 03:40:00'),(896,1,'admin/rooms/29','PUT','127.0.0.1','{\"name\":\"Sasana Wiyata\",\"room_type_id\":\"25\",\"max_people\":\"60\",\"status\":\"0\",\"notes\":null,\"_token\":\"9G42PAGd0wFYOpt01vZmLAlYx0PsNmyASX5uEfgj\",\"_method\":\"PUT\",\"_previous_\":\"http:\\/\\/127.0.0.1:8000\\/admin\\/rooms\"}','2025-09-11 03:40:08','2025-09-11 03:40:08'),(897,1,'admin/rooms','GET','127.0.0.1','[]','2025-09-11 03:40:08','2025-09-11 03:40:08'),(898,1,'admin/rooms/30/edit','GET','127.0.0.1','{\"_pjax\":\"#pjax-container\"}','2025-09-11 03:40:12','2025-09-11 03:40:12'),(899,1,'admin/rooms/30','PUT','127.0.0.1','{\"name\":\"SPAB\",\"room_type_id\":\"28\",\"max_people\":\"15\",\"status\":\"0\",\"notes\":null,\"_token\":\"9G42PAGd0wFYOpt01vZmLAlYx0PsNmyASX5uEfgj\",\"_method\":\"PUT\",\"_previous_\":\"http:\\/\\/127.0.0.1:8000\\/admin\\/rooms\"}','2025-09-11 03:40:18','2025-09-11 03:40:18'),(900,1,'admin/rooms','GET','127.0.0.1','[]','2025-09-11 03:40:18','2025-09-11 03:40:18'),(901,1,'admin/rooms/31/edit','GET','127.0.0.1','{\"_pjax\":\"#pjax-container\"}','2025-09-11 03:40:20','2025-09-11 03:40:20'),(902,1,'admin/rooms/31','PUT','127.0.0.1','{\"name\":\"Rapat Wakadis\",\"room_type_id\":\"29\",\"max_people\":\"15\",\"status\":\"0\",\"notes\":null,\"_token\":\"9G42PAGd0wFYOpt01vZmLAlYx0PsNmyASX5uEfgj\",\"_method\":\"PUT\",\"_previous_\":\"http:\\/\\/127.0.0.1:8000\\/admin\\/rooms\"}','2025-09-11 03:40:25','2025-09-11 03:40:25'),(903,1,'admin/rooms','GET','127.0.0.1','[]','2025-09-11 03:40:26','2025-09-11 03:40:26'),(904,1,'admin/_handle_action_','POST','127.0.0.1','{\"_key\":\"32\",\"_model\":\"App_Models_Room\",\"_token\":\"9G42PAGd0wFYOpt01vZmLAlYx0PsNmyASX5uEfgj\",\"_action\":\"Encore_Admin_Grid_Actions_Delete\",\"_input\":\"true\"}','2025-09-11 03:40:32','2025-09-11 03:40:32'),(905,1,'admin/rooms','GET','127.0.0.1','{\"_pjax\":\"#pjax-container\"}','2025-09-11 03:40:33','2025-09-11 03:40:33'),(906,1,'admin/room-types','GET','127.0.0.1','{\"_pjax\":\"#pjax-container\"}','2025-09-11 03:40:38','2025-09-11 03:40:38'),(907,1,'admin/room-types/27/edit','GET','127.0.0.1','{\"_pjax\":\"#pjax-container\"}','2025-09-11 03:40:42','2025-09-11 03:40:42'),(908,1,'admin/room-types/27','PUT','127.0.0.1','{\"name\":\"Sasana Krida\",\"is_active\":\"on\",\"_token\":\"9G42PAGd0wFYOpt01vZmLAlYx0PsNmyASX5uEfgj\",\"_method\":\"PUT\",\"_previous_\":\"http:\\/\\/127.0.0.1:8000\\/admin\\/room-types\"}','2025-09-11 03:40:48','2025-09-11 03:40:48'),(909,1,'admin/room-types','GET','127.0.0.1','[]','2025-09-11 03:40:48','2025-09-11 03:40:48'),(910,1,'admin/room-types/28/edit','GET','127.0.0.1','{\"_pjax\":\"#pjax-container\"}','2025-09-11 03:40:51','2025-09-11 03:40:51'),(911,1,'admin/room-types/28','PUT','127.0.0.1','{\"name\":\"Ruang Rapat SPAB\",\"is_active\":\"on\",\"_token\":\"9G42PAGd0wFYOpt01vZmLAlYx0PsNmyASX5uEfgj\",\"_method\":\"PUT\",\"_previous_\":\"http:\\/\\/127.0.0.1:8000\\/admin\\/room-types\"}','2025-09-11 03:41:04','2025-09-11 03:41:04'),(912,1,'admin/room-types','GET','127.0.0.1','[]','2025-09-11 03:41:04','2025-09-11 03:41:04'),(913,1,'admin/rooms','GET','127.0.0.1','{\"_pjax\":\"#pjax-container\"}','2025-09-11 03:41:05','2025-09-11 03:41:05'),(914,1,'admin/rooms/30/edit','GET','127.0.0.1','{\"_pjax\":\"#pjax-container\"}','2025-09-11 03:41:07','2025-09-11 03:41:07'),(915,1,'admin/rooms/30','PUT','127.0.0.1','{\"name\":\"Ruang Rapat SPAB\",\"room_type_id\":\"28\",\"max_people\":\"15\",\"status\":\"0\",\"notes\":null,\"_token\":\"9G42PAGd0wFYOpt01vZmLAlYx0PsNmyASX5uEfgj\",\"_method\":\"PUT\",\"_previous_\":\"http:\\/\\/127.0.0.1:8000\\/admin\\/rooms\"}','2025-09-11 03:41:15','2025-09-11 03:41:15'),(916,1,'admin/rooms','GET','127.0.0.1','[]','2025-09-11 03:41:15','2025-09-11 03:41:15'),(917,1,'admin/rooms/31/edit','GET','127.0.0.1','{\"_pjax\":\"#pjax-container\"}','2025-09-11 03:41:20','2025-09-11 03:41:20'),(918,1,'admin/rooms/31','PUT','127.0.0.1','{\"name\":\"Ruang Rapat Wakadis\",\"room_type_id\":\"29\",\"max_people\":\"15\",\"status\":\"0\",\"notes\":null,\"_token\":\"9G42PAGd0wFYOpt01vZmLAlYx0PsNmyASX5uEfgj\",\"_method\":\"PUT\",\"_previous_\":\"http:\\/\\/127.0.0.1:8000\\/admin\\/rooms\"}','2025-09-11 03:41:29','2025-09-11 03:41:29'),(919,1,'admin/rooms','GET','127.0.0.1','[]','2025-09-11 03:41:29','2025-09-11 03:41:29'),(920,1,'admin/room-types','GET','127.0.0.1','{\"_pjax\":\"#pjax-container\"}','2025-09-11 03:41:33','2025-09-11 03:41:33'),(921,1,'admin/_handle_action_','POST','127.0.0.1','{\"_key\":\"30\",\"_model\":\"App_Models_RoomType\",\"_token\":\"9G42PAGd0wFYOpt01vZmLAlYx0PsNmyASX5uEfgj\",\"_action\":\"Encore_Admin_Grid_Actions_Delete\",\"_input\":\"true\"}','2025-09-11 03:41:38','2025-09-11 03:41:38'),(922,1,'admin/room-types/30/edit','GET','127.0.0.1','{\"_pjax\":\"#pjax-container\"}','2025-09-11 03:41:55','2025-09-11 03:41:55'),(923,1,'admin/room-types/30','PUT','127.0.0.1','{\"name\":\"Ruang Rapat Wakadis\",\"is_active\":\"on\",\"_token\":\"9G42PAGd0wFYOpt01vZmLAlYx0PsNmyASX5uEfgj\",\"_method\":\"PUT\",\"_previous_\":\"http:\\/\\/127.0.0.1:8000\\/admin\\/room-types\"}','2025-09-11 03:42:05','2025-09-11 03:42:05'),(924,1,'admin/room-types','GET','127.0.0.1','[]','2025-09-11 03:42:05','2025-09-11 03:42:05'),(925,1,'admin/_handle_action_','POST','127.0.0.1','{\"_key\":\"29\",\"_model\":\"App_Models_RoomType\",\"_token\":\"9G42PAGd0wFYOpt01vZmLAlYx0PsNmyASX5uEfgj\",\"_action\":\"Encore_Admin_Grid_Actions_Delete\",\"_input\":\"true\"}','2025-09-11 03:42:10','2025-09-11 03:42:10'),(926,1,'admin/rooms','GET','127.0.0.1','{\"_pjax\":\"#pjax-container\"}','2025-09-11 03:42:22','2025-09-11 03:42:22'),(927,1,'admin/rooms/31/edit','GET','127.0.0.1','{\"_pjax\":\"#pjax-container\"}','2025-09-11 03:42:27','2025-09-11 03:42:27'),(928,1,'admin/rooms/31','PUT','127.0.0.1','{\"name\":\"Ruang Rapat Wakadis\",\"room_type_id\":\"30\",\"max_people\":\"15\",\"status\":\"0\",\"notes\":null,\"_token\":\"9G42PAGd0wFYOpt01vZmLAlYx0PsNmyASX5uEfgj\",\"_method\":\"PUT\",\"_previous_\":\"http:\\/\\/127.0.0.1:8000\\/admin\\/rooms\"}','2025-09-11 03:42:31','2025-09-11 03:42:31'),(929,1,'admin/rooms','GET','127.0.0.1','[]','2025-09-11 03:42:31','2025-09-11 03:42:31'),(930,1,'admin/room-types','GET','127.0.0.1','{\"_pjax\":\"#pjax-container\"}','2025-09-11 03:42:32','2025-09-11 03:42:32'),(931,1,'admin/_handle_action_','POST','127.0.0.1','{\"_key\":\"29\",\"_model\":\"App_Models_RoomType\",\"_token\":\"9G42PAGd0wFYOpt01vZmLAlYx0PsNmyASX5uEfgj\",\"_action\":\"Encore_Admin_Grid_Actions_Delete\",\"_input\":\"true\"}','2025-09-11 03:42:35','2025-09-11 03:42:35'),(932,1,'admin/room-types','GET','127.0.0.1','{\"_pjax\":\"#pjax-container\"}','2025-09-11 03:42:36','2025-09-11 03:42:36'),(933,1,'admin/rooms','GET','127.0.0.1','{\"_pjax\":\"#pjax-container\"}','2025-09-11 03:42:40','2025-09-11 03:42:40'),(934,1,'admin/auth/logout','GET','127.0.0.1','{\"_pjax\":\"#pjax-container\"}','2025-09-11 03:42:47','2025-09-11 03:42:47'),(935,1,'admin','GET','127.0.0.1','[]','2025-09-11 03:43:11','2025-09-11 03:43:11'),(936,1,'admin/rooms','GET','127.0.0.1','{\"_pjax\":\"#pjax-container\"}','2025-09-11 03:43:16','2025-09-11 03:43:16'),(937,1,'admin/rooms/28/edit','GET','127.0.0.1','{\"_pjax\":\"#pjax-container\"}','2025-09-11 03:43:20','2025-09-11 03:43:20'),(938,1,'admin/rooms/28','PUT','127.0.0.1','{\"name\":\"Sasana Cipta\",\"room_type_id\":\"24\",\"max_people\":\"120\",\"status\":\"0\",\"notes\":null,\"_token\":\"Qjt0AFUJcBJ55Vz16YxW2TUsNaUDc96SdUUVforo\",\"_method\":\"PUT\",\"_previous_\":\"http:\\/\\/127.0.0.1:8000\\/admin\\/rooms\"}','2025-09-11 03:43:24','2025-09-11 03:43:24'),(939,1,'admin/rooms','GET','127.0.0.1','[]','2025-09-11 03:43:24','2025-09-11 03:43:24'),(940,1,'admin/auth/logout','GET','127.0.0.1','{\"_pjax\":\"#pjax-container\"}','2025-09-11 03:43:33','2025-09-11 03:43:33'),(941,1,'admin','GET','127.0.0.1','[]','2025-09-11 03:44:35','2025-09-11 03:44:35'),(942,1,'admin/borrow-rooms','GET','127.0.0.1','{\"_pjax\":\"#pjax-container\"}','2025-09-11 03:44:38','2025-09-11 03:44:38'),(943,1,'admin/borrow-rooms/16/edit','GET','127.0.0.1','{\"_pjax\":\"#pjax-container\"}','2025-09-11 03:44:47','2025-09-11 03:44:47'),(944,1,'admin/rooms','GET','127.0.0.1','{\"_pjax\":\"#pjax-container\"}','2025-09-11 03:47:12','2025-09-11 03:47:12'),(945,1,'admin/borrow-rooms','GET','127.0.0.1','{\"_pjax\":\"#pjax-container\"}','2025-09-11 03:47:15','2025-09-11 03:47:15'),(946,1,'admin/auth/logout','GET','127.0.0.1','{\"_pjax\":\"#pjax-container\"}','2025-09-11 03:49:14','2025-09-11 03:49:14'),(947,1,'admin','GET','127.0.0.1','[]','2025-09-11 04:19:11','2025-09-11 04:19:11'),(948,1,'admin/borrow-rooms','GET','127.0.0.1','{\"_pjax\":\"#pjax-container\"}','2025-09-11 04:19:18','2025-09-11 04:19:18'),(949,1,'admin/rooms','GET','127.0.0.1','{\"_pjax\":\"#pjax-container\"}','2025-09-11 04:19:25','2025-09-11 04:19:25'),(950,1,'admin/borrow-rooms','GET','127.0.0.1','{\"_pjax\":\"#pjax-container\"}','2025-09-11 04:19:27','2025-09-11 04:19:27'),(951,1,'admin/rooms','GET','127.0.0.1','{\"_pjax\":\"#pjax-container\"}','2025-09-11 04:19:40','2025-09-11 04:19:40'),(952,1,'admin/room-types','GET','127.0.0.1','{\"_pjax\":\"#pjax-container\"}','2025-09-11 04:19:41','2025-09-11 04:19:41'),(953,1,'admin/room-types','GET','127.0.0.1','{\"_pjax\":\"#pjax-container\",\"_sort\":{\"column\":\"created_at\",\"type\":\"desc\"}}','2025-09-11 04:19:44','2025-09-11 04:19:44'),(954,1,'admin/room-types','GET','127.0.0.1','{\"_pjax\":\"#pjax-container\",\"_sort\":{\"column\":\"created_at\",\"type\":\"asc\"}}','2025-09-11 04:19:45','2025-09-11 04:19:45'),(955,1,'admin/room-types','GET','127.0.0.1','{\"_pjax\":\"#pjax-container\",\"_sort\":{\"column\":\"created_at\",\"type\":\"desc\"}}','2025-09-11 04:19:48','2025-09-11 04:19:48'),(956,1,'admin/borrow-rooms','GET','127.0.0.1','{\"_pjax\":\"#pjax-container\"}','2025-09-11 04:20:01','2025-09-11 04:20:01'),(957,1,'admin/auth/logout','GET','127.0.0.1','{\"_pjax\":\"#pjax-container\"}','2025-09-11 04:20:43','2025-09-11 04:20:43'),(958,1,'admin','GET','127.0.0.1','[]','2025-09-12 02:30:08','2025-09-12 02:30:08'),(959,1,'admin/borrow-rooms','GET','127.0.0.1','{\"_pjax\":\"#pjax-container\"}','2025-09-12 02:30:12','2025-09-12 02:30:12'),(960,1,'admin/borrow-rooms/16/edit','GET','127.0.0.1','{\"_pjax\":\"#pjax-container\"}','2025-09-12 02:30:19','2025-09-12 02:30:19'),(961,1,'admin/borrow-rooms/16','PUT','127.0.0.1','{\"borrower_id\":\"74\",\"room_id\":\"26\",\"borrow_at\":\"2025-09-02 13:00\",\"until_at\":\"2025-09-02 14:00\",\"kepala_bidang_id\":\"65\",\"kepala_bidang_approval_status\":\"1\",\"admin_id\":null,\"admin_approval_status\":\"1\",\"processed_at\":\"2025-09-12 00:00\",\"returned_at\":null,\"notes\":\"ada\",\"_token\":\"GiuN2cMimOrvXLb7u92fuuZtNLERv6VRSEJmVNnC\",\"_method\":\"PUT\",\"_previous_\":\"http:\\/\\/127.0.0.1:8000\\/admin\\/borrow-rooms\"}','2025-09-12 02:30:26','2025-09-12 02:30:26'),(962,1,'admin/borrow-rooms','GET','127.0.0.1','[]','2025-09-12 02:30:26','2025-09-12 02:30:26'),(963,1,'admin/borrow-rooms/16/edit','GET','127.0.0.1','{\"_pjax\":\"#pjax-container\"}','2025-09-12 02:31:01','2025-09-12 02:31:01'),(964,1,'admin/borrow-rooms/16','PUT','127.0.0.1','{\"borrower_id\":\"74\",\"room_id\":\"26\",\"borrow_at\":\"2025-09-02 13:00\",\"until_at\":\"2025-09-02 14:00\",\"kepala_bidang_id\":\"65\",\"kepala_bidang_approval_status\":\"1\",\"admin_id\":\"1\",\"admin_approval_status\":\"1\",\"processed_at\":\"2025-09-12 00:00\",\"returned_at\":\"2025-09-12 00:00\",\"notes\":\"ada\",\"_token\":\"GiuN2cMimOrvXLb7u92fuuZtNLERv6VRSEJmVNnC\",\"_method\":\"PUT\",\"_previous_\":\"http:\\/\\/127.0.0.1:8000\\/admin\\/borrow-rooms\"}','2025-09-12 02:31:07','2025-09-12 02:31:07'),(965,1,'admin/borrow-rooms','GET','127.0.0.1','[]','2025-09-12 02:31:07','2025-09-12 02:31:07'),(966,1,'admin/borrow-rooms/4/edit','GET','127.0.0.1','{\"_pjax\":\"#pjax-container\"}','2025-09-12 02:37:35','2025-09-12 02:37:35'),(967,1,'admin/borrow-rooms','GET','127.0.0.1','{\"_pjax\":\"#pjax-container\"}','2025-09-12 02:38:32','2025-09-12 02:38:32'),(968,1,'admin/borrow-rooms','GET','127.0.0.1','[]','2025-09-12 02:43:04','2025-09-12 02:43:04'),(969,1,'admin/borrow-rooms','GET','127.0.0.1','[]','2025-09-12 02:44:31','2025-09-12 02:44:31'),(970,1,'admin/borrow-rooms','GET','127.0.0.1','[]','2025-09-12 02:54:46','2025-09-12 02:54:46'),(971,1,'admin/borrow-rooms','GET','127.0.0.1','[]','2025-09-12 02:55:12','2025-09-12 02:55:12'),(972,1,'admin/borrow-rooms','GET','127.0.0.1','[]','2025-09-12 02:55:28','2025-09-12 02:55:28'),(973,1,'admin/borrow-rooms','GET','127.0.0.1','[]','2025-09-12 02:56:24','2025-09-12 02:56:24'),(974,1,'admin/borrow-rooms','GET','127.0.0.1','[]','2025-09-12 03:05:02','2025-09-12 03:05:02'),(975,1,'admin/borrow-rooms','GET','127.0.0.1','{\"_columns_\":\"borrow_at,borrower.name,id,kepala_bidang.name,room.name,status,unit_kerja,until_at\",\"_pjax\":\"#pjax-container\"}','2025-09-12 03:05:12','2025-09-12 03:05:12'),(976,1,'admin/borrow-rooms','GET','127.0.0.1','{\"_pjax\":\"#pjax-container\"}','2025-09-12 03:05:15','2025-09-12 03:05:15'),(977,1,'admin/auth/login','GET','127.0.0.1','[]','2025-09-12 06:08:29','2025-09-12 06:08:29'),(978,1,'admin','GET','127.0.0.1','[]','2025-09-12 06:08:29','2025-09-12 06:08:29'),(979,1,'admin/auth/logout','GET','127.0.0.1','{\"_pjax\":\"#pjax-container\"}','2025-09-12 06:08:45','2025-09-12 06:08:45'),(980,1,'admin','GET','127.0.0.1','[]','2025-09-12 06:10:15','2025-09-12 06:10:15'),(981,1,'admin/borrow-rooms','GET','127.0.0.1','{\"_pjax\":\"#pjax-container\"}','2025-09-12 06:10:25','2025-09-12 06:10:25'),(982,1,'admin/auth/logout','GET','127.0.0.1','{\"_pjax\":\"#pjax-container\"}','2025-09-12 06:10:36','2025-09-12 06:10:36'),(983,74,'admin','GET','127.0.0.1','[]','2025-09-18 01:09:21','2025-09-18 01:09:21'),(984,74,'admin/auth/logout','GET','127.0.0.1','{\"_pjax\":\"#pjax-container\"}','2025-09-18 01:09:29','2025-09-18 01:09:29'),(985,1,'admin','GET','127.0.0.1','[]','2025-09-19 02:43:08','2025-09-19 02:43:08'),(986,1,'admin/rooms','GET','127.0.0.1','{\"_pjax\":\"#pjax-container\"}','2025-09-19 02:43:11','2025-09-19 02:43:11'),(987,1,'admin/borrow-rooms','GET','127.0.0.1','{\"_pjax\":\"#pjax-container\"}','2025-09-19 02:43:12','2025-09-19 02:43:12'),(988,1,'admin/borrow-rooms/17/edit','GET','127.0.0.1','{\"_pjax\":\"#pjax-container\"}','2025-09-19 02:43:16','2025-09-19 02:43:16'),(989,1,'admin/borrow-rooms/17','PUT','127.0.0.1','{\"borrower_id\":\"71\",\"room_id\":\"26\",\"borrow_at\":\"2025-09-02 14:01\",\"until_at\":\"2025-09-02 15:00\",\"kepala_bidang_id\":\"65\",\"kepala_bidang_approval_status\":\"1\",\"admin_id\":null,\"admin_approval_status\":\"1\",\"processed_at\":null,\"returned_at\":null,\"notes\":\"2\",\"_token\":\"3IfH8s4WhF9R4n04PFCla2AnVIT70eED86tfFLbl\",\"_method\":\"PUT\",\"_previous_\":\"http:\\/\\/127.0.0.1:8000\\/admin\\/borrow-rooms\"}','2025-09-19 02:45:43','2025-09-19 02:45:43'),(990,1,'admin/borrow-rooms','GET','127.0.0.1','[]','2025-09-19 02:45:44','2025-09-19 02:45:44'),(991,1,'admin/borrow-rooms/18/edit','GET','127.0.0.1','{\"_pjax\":\"#pjax-container\"}','2025-09-19 02:45:52','2025-09-19 02:45:52'),(992,1,'admin/borrow-rooms/18','PUT','127.0.0.1','{\"borrower_id\":\"73\",\"room_id\":\"30\",\"borrow_at\":\"2025-09-02 13:00\",\"until_at\":\"2025-09-02 15:00\",\"kepala_bidang_id\":\"65\",\"kepala_bidang_approval_status\":\"0\",\"admin_id\":null,\"admin_approval_status\":\"0\",\"processed_at\":\"2025-09-19 00:00\",\"returned_at\":\"2025-09-19 00:00\",\"notes\":\"3\",\"_token\":\"3IfH8s4WhF9R4n04PFCla2AnVIT70eED86tfFLbl\",\"_method\":\"PUT\",\"_previous_\":\"http:\\/\\/127.0.0.1:8000\\/admin\\/borrow-rooms\"}','2025-09-19 02:46:07','2025-09-19 02:46:07'),(993,1,'admin/borrow-rooms','GET','127.0.0.1','[]','2025-09-19 02:46:07','2025-09-19 02:46:07'),(994,1,'admin/borrow-rooms/18/edit','GET','127.0.0.1','{\"_pjax\":\"#pjax-container\"}','2025-09-19 02:46:18','2025-09-19 02:46:18'),(995,1,'admin/borrow-rooms/18','PUT','127.0.0.1','{\"borrower_id\":\"73\",\"room_id\":\"30\",\"borrow_at\":\"2025-09-02 13:00\",\"until_at\":\"2025-09-02 15:00\",\"kepala_bidang_id\":\"65\",\"kepala_bidang_approval_status\":\"1\",\"admin_id\":\"1\",\"admin_approval_status\":\"1\",\"processed_at\":\"2025-09-19 00:00\",\"returned_at\":\"2025-09-19 00:00\",\"notes\":\"3\",\"_token\":\"3IfH8s4WhF9R4n04PFCla2AnVIT70eED86tfFLbl\",\"_method\":\"PUT\",\"_previous_\":\"http:\\/\\/127.0.0.1:8000\\/admin\\/borrow-rooms\"}','2025-09-19 02:46:27','2025-09-19 02:46:27'),(996,1,'admin/borrow-rooms','GET','127.0.0.1','[]','2025-09-19 02:46:27','2025-09-19 02:46:27'),(997,1,'admin/borrow-rooms/19/edit','GET','127.0.0.1','{\"_pjax\":\"#pjax-container\"}','2025-09-19 02:46:46','2025-09-19 02:46:46'),(998,1,'admin/auth/logout','GET','127.0.0.1','{\"_pjax\":\"#pjax-container\"}','2025-09-19 02:54:11','2025-09-19 02:54:11'),(999,1,'admin','GET','127.0.0.1','[]','2025-09-19 02:55:33','2025-09-19 02:55:33'),(1000,1,'admin/borrow-rooms','GET','127.0.0.1','{\"_pjax\":\"#pjax-container\"}','2025-09-19 02:55:36','2025-09-19 02:55:36'),(1001,1,'admin/borrow-rooms/20/edit','GET','127.0.0.1','{\"_pjax\":\"#pjax-container\"}','2025-09-19 02:55:43','2025-09-19 02:55:43'),(1002,1,'admin/borrow-rooms/20','PUT','127.0.0.1','{\"borrower_id\":\"75\",\"room_id\":\"26\",\"borrow_at\":\"2025-09-19 13:52\",\"until_at\":\"2025-09-19 15:53\",\"kepala_bidang_id\":\"65\",\"kepala_bidang_approval_status\":\"1\",\"admin_id\":null,\"admin_approval_status\":\"1\",\"processed_at\":\"2025-09-19 00:00\",\"returned_at\":\"2025-09-19 00:00\",\"notes\":\"test form\",\"_token\":\"qu8zbLyVSOvMwaDro7uggylihBDfYoZQv1fxgIuI\",\"_method\":\"PUT\",\"_previous_\":\"http:\\/\\/127.0.0.1:8000\\/admin\\/borrow-rooms\"}','2025-09-19 02:55:51','2025-09-19 02:55:51'),(1003,1,'admin/borrow-rooms','GET','127.0.0.1','[]','2025-09-19 02:55:51','2025-09-19 02:55:51'),(1004,1,'admin/borrow-rooms','GET','127.0.0.1','[]','2025-09-19 02:56:18','2025-09-19 02:56:18'),(1005,1,'admin/borrow-rooms/23/edit','GET','127.0.0.1','{\"_pjax\":\"#pjax-container\"}','2025-09-19 02:56:24','2025-09-19 02:56:24'),(1006,1,'admin/borrow-rooms','GET','127.0.0.1','{\"_pjax\":\"#pjax-container\"}','2025-09-19 03:00:20','2025-09-19 03:00:20'),(1007,1,'admin/borrow-rooms/23/edit','GET','127.0.0.1','{\"_pjax\":\"#pjax-container\"}','2025-09-19 03:00:40','2025-09-19 03:00:40'),(1008,1,'admin/borrow-rooms/23','PUT','127.0.0.1','{\"borrower_id\":\"75\",\"room_id\":\"29\",\"borrow_at\":\"2025-09-30 09:56\",\"until_at\":\"2025-09-30 12:56\",\"kepala_bidang_id\":\"65\",\"kepala_bidang_approval_status\":\"1\",\"admin_id\":null,\"admin_approval_status\":\"1\",\"processed_at\":\"2025-09-19 00:00\",\"returned_at\":\"2025-09-19 00:00\",\"notes\":\"test4\",\"_token\":\"qu8zbLyVSOvMwaDro7uggylihBDfYoZQv1fxgIuI\",\"_method\":\"PUT\",\"_previous_\":\"http:\\/\\/127.0.0.1:8000\\/admin\\/borrow-rooms\"}','2025-09-19 03:00:47','2025-09-19 03:00:47'),(1009,1,'admin/borrow-rooms','GET','127.0.0.1','[]','2025-09-19 03:00:47','2025-09-19 03:00:47'),(1010,1,'admin/borrow-rooms','GET','127.0.0.1','[]','2025-09-19 03:02:21','2025-09-19 03:02:21'),(1011,1,'admin/borrow-rooms','GET','127.0.0.1','[]','2025-09-19 03:04:25','2025-09-19 03:04:25'),(1012,1,'admin/borrow-rooms','GET','127.0.0.1','{\"page\":\"2\",\"_pjax\":\"#pjax-container\"}','2025-09-19 03:04:36','2025-09-19 03:04:36'),(1013,1,'admin/borrow-rooms/24/edit','GET','127.0.0.1','{\"_pjax\":\"#pjax-container\"}','2025-09-19 03:05:12','2025-09-19 03:05:12'),(1014,1,'admin/borrow-rooms','GET','127.0.0.1','{\"_pjax\":\"#pjax-container\"}','2025-09-19 03:33:00','2025-09-19 03:33:00'),(1015,1,'admin/borrow-rooms','GET','127.0.0.1','[]','2025-09-19 03:33:03','2025-09-19 03:33:03'),(1016,1,'admin/borrow-rooms','GET','127.0.0.1','{\"page\":\"2\",\"_pjax\":\"#pjax-container\"}','2025-09-19 03:33:06','2025-09-19 03:33:06'),(1017,1,'admin/borrow-rooms','GET','127.0.0.1','{\"page\":\"2\"}','2025-09-19 03:35:35','2025-09-19 03:35:35'),(1018,1,'admin/borrow-rooms','GET','127.0.0.1','{\"page\":\"2\"}','2025-09-19 03:36:16','2025-09-19 03:36:16'),(1019,1,'admin/borrow-rooms','GET','127.0.0.1','{\"page\":\"2\"}','2025-09-19 03:36:28','2025-09-19 03:36:28'),(1020,1,'admin/borrow-rooms','GET','127.0.0.1','{\"page\":\"2\"}','2025-09-19 03:38:13','2025-09-19 03:38:13'),(1021,1,'admin/borrow-rooms','GET','127.0.0.1','{\"page\":\"2\"}','2025-09-19 03:54:50','2025-09-19 03:54:50'),(1022,1,'admin/borrow-rooms','GET','127.0.0.1','{\"page\":\"1\",\"_pjax\":\"#pjax-container\"}','2025-09-19 03:54:54','2025-09-19 03:54:54'),(1023,1,'admin/borrow-rooms','GET','127.0.0.1','{\"_pjax\":\"#pjax-container\",\"page\":\"2\"}','2025-09-19 03:55:05','2025-09-19 03:55:05'),(1024,1,'admin/borrow-rooms','GET','127.0.0.1','{\"_pjax\":\"#pjax-container\",\"page\":\"1\"}','2025-09-19 03:55:10','2025-09-19 03:55:10'),(1025,1,'admin/borrow-rooms/19/edit','GET','127.0.0.1','{\"_pjax\":\"#pjax-container\"}','2025-09-19 03:55:30','2025-09-19 03:55:30'),(1026,1,'admin/borrow-rooms/19','PUT','127.0.0.1','{\"borrower_id\":\"72\",\"room_id\":\"30\",\"borrow_at\":\"2025-09-02 15:00\",\"until_at\":\"2025-09-02 16:00\",\"kepala_bidang_id\":\"65\",\"kepala_bidang_approval_status\":\"1\",\"admin_id\":null,\"admin_approval_status\":\"1\",\"processed_at\":null,\"returned_at\":null,\"notes\":\"4\",\"_token\":\"qu8zbLyVSOvMwaDro7uggylihBDfYoZQv1fxgIuI\",\"_method\":\"PUT\",\"_previous_\":\"http:\\/\\/127.0.0.1:8000\\/admin\\/borrow-rooms?&page=1\"}','2025-09-19 03:55:34','2025-09-19 03:55:34'),(1027,1,'admin/borrow-rooms','GET','127.0.0.1','{\"page\":\"1\"}','2025-09-19 03:55:34','2025-09-19 03:55:34'),(1028,1,'admin/borrow-rooms','GET','127.0.0.1','{\"page\":\"1\"}','2025-09-19 03:59:06','2025-09-19 03:59:06'),(1029,1,'admin/auth/login','GET','127.0.0.1','[]','2025-09-19 04:08:50','2025-09-19 04:08:50'),(1030,1,'admin','GET','127.0.0.1','[]','2025-09-19 04:08:51','2025-09-19 04:08:51'),(1031,1,'admin/auth/logout','GET','127.0.0.1','{\"_pjax\":\"#pjax-container\"}','2025-09-19 04:09:00','2025-09-19 04:09:00'),(1032,80,'admin','GET','127.0.0.1','[]','2025-09-19 04:11:01','2025-09-19 04:11:01'),(1033,80,'admin','GET','127.0.0.1','{\"_pjax\":\"#pjax-container\"}','2025-09-19 04:11:04','2025-09-19 04:11:04'),(1034,80,'admin/auth/users','GET','127.0.0.1','{\"_pjax\":\"#pjax-container\"}','2025-09-19 04:11:09','2025-09-19 04:11:09'),(1035,80,'admin','GET','127.0.0.1','{\"_pjax\":\"#pjax-container\"}','2025-09-19 04:11:10','2025-09-19 04:11:10'),(1036,80,'admin/room-types','GET','127.0.0.1','{\"_pjax\":\"#pjax-container\"}','2025-09-19 04:11:12','2025-09-19 04:11:12'),(1037,80,'admin','GET','127.0.0.1','{\"_pjax\":\"#pjax-container\"}','2025-09-19 04:11:13','2025-09-19 04:11:13'),(1038,80,'admin/rooms','GET','127.0.0.1','{\"_pjax\":\"#pjax-container\"}','2025-09-19 04:11:14','2025-09-19 04:11:14'),(1039,80,'admin','GET','127.0.0.1','{\"_pjax\":\"#pjax-container\"}','2025-09-19 04:11:19','2025-09-19 04:11:19'),(1040,80,'admin/borrow-rooms','GET','127.0.0.1','{\"_pjax\":\"#pjax-container\"}','2025-09-19 04:11:22','2025-09-19 04:11:22'),(1041,80,'admin/rooms','GET','127.0.0.1','{\"_pjax\":\"#pjax-container\"}','2025-09-19 04:11:25','2025-09-19 04:11:25'),(1042,80,'admin/borrow-rooms','GET','127.0.0.1','{\"_pjax\":\"#pjax-container\"}','2025-09-19 04:11:26','2025-09-19 04:11:26'),(1043,80,'admin/borrow-rooms/26','GET','127.0.0.1','{\"_pjax\":\"#pjax-container\"}','2025-09-19 04:11:30','2025-09-19 04:11:30'),(1044,80,'admin','GET','127.0.0.1','{\"_pjax\":\"#pjax-container\"}','2025-09-19 04:11:36','2025-09-19 04:11:36'),(1045,80,'admin/auth/logout','GET','127.0.0.1','{\"_pjax\":\"#pjax-container\"}','2025-09-19 04:11:41','2025-09-19 04:11:41'),(1046,1,'admin','GET','127.0.0.1','[]','2025-09-19 04:11:50','2025-09-19 04:11:50'),(1047,1,'admin/borrow-rooms','GET','127.0.0.1','{\"_pjax\":\"#pjax-container\"}','2025-09-19 04:11:58','2025-09-19 04:11:58'),(1048,1,'admin/auth/users','GET','127.0.0.1','{\"_pjax\":\"#pjax-container\"}','2025-09-19 04:12:00','2025-09-19 04:12:00'),(1049,1,'admin/borrow-rooms','GET','127.0.0.1','[]','2025-09-19 04:12:01','2025-09-19 04:12:01'),(1050,1,'admin/auth/roles','GET','127.0.0.1','{\"_pjax\":\"#pjax-container\"}','2025-09-19 04:12:07','2025-09-19 04:12:07'),(1051,1,'admin/auth/roles/4/edit','GET','127.0.0.1','{\"_pjax\":\"#pjax-container\"}','2025-09-19 04:12:17','2025-09-19 04:12:17'),(1052,1,'admin/auth/roles/4','PUT','127.0.0.1','{\"slug\":\"pegawai\",\"name\":\"Pegawai\",\"permissions\":[\"2\",\"3\",\"4\",\"16\",null],\"_token\":\"TrnUaLElXTdKIrrDwusfqT2nh7GW88E3P2wrUxi9\",\"_method\":\"PUT\",\"_previous_\":\"http:\\/\\/127.0.0.1:8000\\/admin\\/auth\\/roles\"}','2025-09-19 04:12:35','2025-09-19 04:12:35'),(1053,1,'admin/auth/roles','GET','127.0.0.1','[]','2025-09-19 04:12:36','2025-09-19 04:12:36'),(1054,1,'admin/auth/users','GET','127.0.0.1','{\"_pjax\":\"#pjax-container\"}','2025-09-19 04:12:39','2025-09-19 04:12:39'),(1055,1,'admin/auth/roles','GET','127.0.0.1','[]','2025-09-19 04:12:39','2025-09-19 04:12:39'),(1056,1,'admin/borrow-rooms','GET','127.0.0.1','{\"_pjax\":\"#pjax-container\"}','2025-09-19 04:12:51','2025-09-19 04:12:51'),(1057,1,'admin/rooms','GET','127.0.0.1','{\"_pjax\":\"#pjax-container\"}','2025-09-19 04:12:54','2025-09-19 04:12:54'),(1058,1,'admin/room-types','GET','127.0.0.1','{\"_pjax\":\"#pjax-container\"}','2025-09-19 04:12:57','2025-09-19 04:12:57'),(1059,1,'admin/rooms','GET','127.0.0.1','{\"_pjax\":\"#pjax-container\"}','2025-09-19 04:12:58','2025-09-19 04:12:58'),(1060,1,'admin/room-types','GET','127.0.0.1','{\"_pjax\":\"#pjax-container\"}','2025-09-19 04:13:00','2025-09-19 04:13:00'),(1061,1,'admin','GET','127.0.0.1','{\"_pjax\":\"#pjax-container\"}','2025-09-19 04:13:02','2025-09-19 04:13:02'),(1062,1,'admin/auth/users','GET','127.0.0.1','{\"_pjax\":\"#pjax-container\"}','2025-09-19 04:13:05','2025-09-19 04:13:05'),(1063,1,'admin','GET','127.0.0.1','[]','2025-09-19 04:13:05','2025-09-19 04:13:05'),(1064,1,'admin/auth/users','GET','127.0.0.1','{\"_pjax\":\"#pjax-container\"}','2025-09-19 04:13:07','2025-09-19 04:13:07'),(1065,1,'admin','GET','127.0.0.1','[]','2025-09-19 04:13:07','2025-09-19 04:13:07'),(1066,1,'admin/auth/users','GET','127.0.0.1','{\"_pjax\":\"#pjax-container\"}','2025-09-19 04:13:08','2025-09-19 04:13:08'),(1067,1,'admin/auth/users','GET','127.0.0.1','{\"_pjax\":\"#pjax-container\"}','2025-09-19 04:13:09','2025-09-19 04:13:09'),(1068,1,'admin/auth/users','GET','127.0.0.1','{\"_pjax\":\"#pjax-container\"}','2025-09-19 04:13:09','2025-09-19 04:13:09'),(1069,1,'admin/auth/users','GET','127.0.0.1','{\"_pjax\":\"#pjax-container\"}','2025-09-19 04:13:10','2025-09-19 04:13:10'),(1070,1,'admin/auth/users','GET','127.0.0.1','{\"_pjax\":\"#pjax-container\"}','2025-09-19 04:13:10','2025-09-19 04:13:10'),(1071,1,'admin/auth/users','GET','127.0.0.1','[]','2025-09-19 04:13:11','2025-09-19 04:13:11'),(1072,1,'admin/auth/users','GET','127.0.0.1','[]','2025-09-19 04:13:11','2025-09-19 04:13:11'),(1073,1,'admin/auth/users','GET','127.0.0.1','[]','2025-09-19 04:13:11','2025-09-19 04:13:11'),(1074,1,'admin/auth/users','GET','127.0.0.1','[]','2025-09-19 04:13:12','2025-09-19 04:13:12'),(1075,1,'admin/auth/users','GET','127.0.0.1','[]','2025-09-19 04:13:12','2025-09-19 04:13:12'),(1076,1,'admin/auth/users','GET','127.0.0.1','[]','2025-09-19 04:13:13','2025-09-19 04:13:13'),(1077,1,'admin/auth/roles','GET','127.0.0.1','{\"_pjax\":\"#pjax-container\"}','2025-09-19 04:13:13','2025-09-19 04:13:13'),(1078,1,'admin/auth/users','GET','127.0.0.1','{\"_pjax\":\"#pjax-container\"}','2025-09-19 04:13:17','2025-09-19 04:13:17'),(1079,1,'admin/auth/roles','GET','127.0.0.1','[]','2025-09-19 04:13:18','2025-09-19 04:13:18'),(1080,1,'admin/auth/users','GET','127.0.0.1','{\"_pjax\":\"#pjax-container\"}','2025-09-19 04:13:19','2025-09-19 04:13:19'),(1081,1,'admin/auth/users','GET','127.0.0.1','{\"_pjax\":\"#pjax-container\"}','2025-09-19 04:13:19','2025-09-19 04:13:19'),(1082,1,'admin/auth/users','GET','127.0.0.1','[]','2025-09-19 04:13:20','2025-09-19 04:13:20'),(1083,1,'admin/auth/users','GET','127.0.0.1','[]','2025-09-19 04:13:20','2025-09-19 04:13:20'),(1084,1,'admin/auth/users','GET','127.0.0.1','[]','2025-09-19 04:13:21','2025-09-19 04:13:21'),(1085,1,'admin/auth/users','GET','127.0.0.1','[]','2025-09-19 04:13:21','2025-09-19 04:13:21'),(1086,1,'admin/auth/users','GET','127.0.0.1','[]','2025-09-19 04:13:21','2025-09-19 04:13:21'),(1087,1,'admin/auth/users','GET','127.0.0.1','[]','2025-09-19 04:13:22','2025-09-19 04:13:22'),(1088,1,'admin/auth/users','GET','127.0.0.1','[]','2025-09-19 04:13:22','2025-09-19 04:13:22'),(1089,1,'admin/auth/users','GET','127.0.0.1','[]','2025-09-19 04:13:23','2025-09-19 04:13:23'),(1090,1,'admin/auth/users','GET','127.0.0.1','[]','2025-09-19 04:13:23','2025-09-19 04:13:23'),(1091,1,'admin/auth/users','GET','127.0.0.1','[]','2025-09-19 04:13:24','2025-09-19 04:13:24'),(1092,1,'admin/auth/users','GET','127.0.0.1','[]','2025-09-19 04:13:24','2025-09-19 04:13:24'),(1093,1,'admin/auth/users','GET','127.0.0.1','[]','2025-09-19 04:13:25','2025-09-19 04:13:25'),(1094,1,'admin/auth/users','GET','127.0.0.1','[]','2025-09-19 04:13:25','2025-09-19 04:13:25'),(1095,1,'admin/auth/users','GET','127.0.0.1','[]','2025-09-19 04:13:26','2025-09-19 04:13:26'),(1096,1,'admin/auth/users','GET','127.0.0.1','[]','2025-09-19 04:13:26','2025-09-19 04:13:26'),(1097,1,'admin/auth/users','GET','127.0.0.1','[]','2025-09-19 04:13:27','2025-09-19 04:13:27'),(1098,1,'admin/auth/users','GET','127.0.0.1','[]','2025-09-19 04:13:27','2025-09-19 04:13:27'),(1099,1,'admin/auth/users','GET','127.0.0.1','[]','2025-09-19 04:13:27','2025-09-19 04:13:27'),(1100,1,'admin/auth/users','GET','127.0.0.1','[]','2025-09-19 04:13:28','2025-09-19 04:13:28'),(1101,1,'admin/auth/users','GET','127.0.0.1','[]','2025-09-19 04:13:28','2025-09-19 04:13:28'),(1102,1,'admin/auth/users','GET','127.0.0.1','[]','2025-09-19 04:13:29','2025-09-19 04:13:29'),(1103,1,'admin/auth/users','GET','127.0.0.1','[]','2025-09-19 04:14:16','2025-09-19 04:14:16'),(1104,1,'admin/auth/roles','GET','127.0.0.1','[]','2025-09-19 04:14:20','2025-09-19 04:14:20'),(1105,1,'admin/auth/users','GET','127.0.0.1','{\"_pjax\":\"#pjax-container\"}','2025-09-19 04:14:23','2025-09-19 04:14:23'),(1106,1,'admin/auth/roles','GET','127.0.0.1','[]','2025-09-19 04:14:24','2025-09-19 04:14:24'),(1107,1,'admin/auth/roles','GET','127.0.0.1','[]','2025-09-19 04:14:35','2025-09-19 04:14:35'),(1108,1,'admin/auth/users','GET','127.0.0.1','{\"_pjax\":\"#pjax-container\"}','2025-09-19 04:14:38','2025-09-19 04:14:38'),(1109,1,'admin/auth/roles','GET','127.0.0.1','[]','2025-09-19 04:14:38','2025-09-19 04:14:38'),(1110,1,'admin/auth/login','GET','127.0.0.1','[]','2025-09-19 04:24:55','2025-09-19 04:24:55'),(1111,1,'admin','GET','127.0.0.1','[]','2025-09-19 04:24:55','2025-09-19 04:24:55'),(1112,1,'admin/auth/users','GET','127.0.0.1','{\"_pjax\":\"#pjax-container\"}','2025-09-19 04:25:00','2025-09-19 04:25:00'),(1113,1,'admin','GET','127.0.0.1','[]','2025-09-19 04:25:00','2025-09-19 04:25:00'),(1114,1,'admin/auth/users','GET','127.0.0.1','{\"_pjax\":\"#pjax-container\"}','2025-09-19 04:25:02','2025-09-19 04:25:02'),(1115,1,'admin','GET','127.0.0.1','[]','2025-09-19 04:25:02','2025-09-19 04:25:02'),(1116,1,'admin/auth/users','GET','127.0.0.1','{\"_pjax\":\"#pjax-container\"}','2025-09-19 04:25:02','2025-09-19 04:25:02'),(1117,1,'admin/auth/users','GET','127.0.0.1','{\"_pjax\":\"#pjax-container\"}','2025-09-19 04:25:03','2025-09-19 04:25:03'),(1118,1,'admin/auth/users','GET','127.0.0.1','{\"_pjax\":\"#pjax-container\"}','2025-09-19 04:25:03','2025-09-19 04:25:03'),(1119,1,'admin/auth/users','GET','127.0.0.1','{\"_pjax\":\"#pjax-container\"}','2025-09-19 04:25:04','2025-09-19 04:25:04'),(1120,1,'admin/auth/users','GET','127.0.0.1','{\"_pjax\":\"#pjax-container\"}','2025-09-19 04:25:04','2025-09-19 04:25:04'),(1121,1,'admin/auth/users','GET','127.0.0.1','{\"_pjax\":\"#pjax-container\"}','2025-09-19 04:25:05','2025-09-19 04:25:05'),(1122,1,'admin/auth/users','GET','127.0.0.1','[]','2025-09-19 04:25:05','2025-09-19 04:25:05'),(1123,1,'admin/auth/users','GET','127.0.0.1','[]','2025-09-19 04:25:06','2025-09-19 04:25:06'),(1124,1,'admin/auth/users','GET','127.0.0.1','[]','2025-09-19 04:25:06','2025-09-19 04:25:06'),(1125,1,'admin/auth/users','GET','127.0.0.1','[]','2025-09-19 04:25:06','2025-09-19 04:25:06'),(1126,1,'admin/auth/users','GET','127.0.0.1','[]','2025-09-19 04:25:07','2025-09-19 04:25:07'),(1127,1,'admin/auth/users','GET','127.0.0.1','[]','2025-09-19 04:25:07','2025-09-19 04:25:07'),(1128,1,'admin/auth/users','GET','127.0.0.1','[]','2025-09-19 04:25:08','2025-09-19 04:25:08'),(1129,1,'admin/auth/users','GET','127.0.0.1','[]','2025-09-19 04:25:08','2025-09-19 04:25:08'),(1130,1,'admin/auth/users','GET','127.0.0.1','[]','2025-09-19 04:25:09','2025-09-19 04:25:09'),(1131,1,'admin/auth/users','GET','127.0.0.1','[]','2025-09-19 04:25:09','2025-09-19 04:25:09'),(1132,1,'admin/auth/users','GET','127.0.0.1','[]','2025-09-19 04:25:10','2025-09-19 04:25:10'),(1133,1,'admin/auth/users','GET','127.0.0.1','[]','2025-09-19 04:25:10','2025-09-19 04:25:10'),(1134,1,'admin/auth/users','GET','127.0.0.1','[]','2025-09-19 04:25:11','2025-09-19 04:25:11'),(1135,1,'admin/auth/users','GET','127.0.0.1','[]','2025-09-19 04:25:11','2025-09-19 04:25:11'),(1136,1,'admin/auth/users','GET','127.0.0.1','[]','2025-09-19 04:25:12','2025-09-19 04:25:12'),(1137,1,'admin/auth/users','GET','127.0.0.1','[]','2025-09-19 04:25:12','2025-09-19 04:25:12'),(1138,1,'admin/auth/users','GET','127.0.0.1','[]','2025-09-19 04:25:12','2025-09-19 04:25:12'),(1139,1,'admin/auth/users','GET','127.0.0.1','[]','2025-09-19 04:25:13','2025-09-19 04:25:13'),(1140,1,'admin/auth/users','GET','127.0.0.1','[]','2025-09-19 04:25:13','2025-09-19 04:25:13'),(1141,1,'admin/auth/users','GET','127.0.0.1','[]','2025-09-19 04:25:14','2025-09-19 04:25:14'),(1142,1,'admin/auth/users','GET','127.0.0.1','[]','2025-09-19 04:25:14','2025-09-19 04:25:14'),(1143,1,'admin/auth/users','GET','127.0.0.1','[]','2025-09-19 04:26:16','2025-09-19 04:26:16'),(1144,1,'admin/auth/users','GET','127.0.0.1','[]','2025-09-19 04:26:22','2025-09-19 04:26:22'),(1145,1,'admin','GET','127.0.0.1','[]','2025-09-19 04:26:29','2025-09-19 04:26:29'),(1146,1,'admin/auth/permissions','GET','127.0.0.1','{\"_pjax\":\"#pjax-container\"}','2025-09-19 04:26:33','2025-09-19 04:26:33'),(1147,1,'admin/auth/menu','GET','127.0.0.1','{\"_pjax\":\"#pjax-container\"}','2025-09-19 04:26:49','2025-09-19 04:26:49'),(1148,1,'admin/auth/menu','GET','127.0.0.1','[]','2025-09-19 04:26:55','2025-09-19 04:26:55'),(1149,1,'admin/auth/menu','GET','127.0.0.1','[]','2025-09-19 04:26:59','2025-09-19 04:26:59'),(1150,1,'admin/auth/users','GET','127.0.0.1','{\"_pjax\":\"#pjax-container\"}','2025-09-19 04:27:00','2025-09-19 04:27:00'),(1151,1,'admin/auth/menu','GET','127.0.0.1','[]','2025-09-19 04:27:00','2025-09-19 04:27:00'),(1152,1,'admin/auth/roles','GET','127.0.0.1','{\"_pjax\":\"#pjax-container\"}','2025-09-19 04:27:02','2025-09-19 04:27:02'),(1153,1,'admin/auth/roles','GET','127.0.0.1','{\"_pjax\":\"#pjax-container\"}','2025-09-19 04:27:03','2025-09-19 04:27:03'),(1154,1,'admin/helpers/scaffold','GET','127.0.0.1','{\"_pjax\":\"#pjax-container\"}','2025-09-19 04:27:06','2025-09-19 04:27:06'),(1155,1,'admin/helpers/terminal/database','GET','127.0.0.1','{\"_pjax\":\"#pjax-container\"}','2025-09-19 04:27:07','2025-09-19 04:27:07'),(1156,1,'admin/helpers/scaffold','GET','127.0.0.1','{\"_pjax\":\"#pjax-container\"}','2025-09-19 04:27:08','2025-09-19 04:27:08'),(1157,1,'admin/helpers/terminal/database','GET','127.0.0.1','{\"_pjax\":\"#pjax-container\"}','2025-09-19 04:27:18','2025-09-19 04:27:18'),(1158,1,'admin/helpers/terminal/artisan','GET','127.0.0.1','{\"_pjax\":\"#pjax-container\"}','2025-09-19 04:27:19','2025-09-19 04:27:19'),(1159,1,'admin/helpers/routes','GET','127.0.0.1','{\"_pjax\":\"#pjax-container\"}','2025-09-19 04:27:21','2025-09-19 04:27:21'),(1160,1,'admin/borrow-rooms','GET','127.0.0.1','{\"_pjax\":\"#pjax-container\"}','2025-09-19 04:27:41','2025-09-19 04:27:41'),(1161,1,'admin/rooms','GET','127.0.0.1','{\"_pjax\":\"#pjax-container\"}','2025-09-19 04:27:43','2025-09-19 04:27:43'),(1162,1,'admin/room-types','GET','127.0.0.1','{\"_pjax\":\"#pjax-container\"}','2025-09-19 04:27:45','2025-09-19 04:27:45'),(1163,1,'admin','GET','127.0.0.1','{\"_pjax\":\"#pjax-container\"}','2025-09-19 04:27:46','2025-09-19 04:27:46'),(1164,1,'admin/auth/users','GET','127.0.0.1','{\"_pjax\":\"#pjax-container\"}','2025-09-19 04:27:48','2025-09-19 04:27:48'),(1165,1,'admin','GET','127.0.0.1','[]','2025-09-19 04:27:48','2025-09-19 04:27:48'),(1166,1,'admin/room-types','GET','127.0.0.1','{\"_pjax\":\"#pjax-container\"}','2025-09-19 04:27:51','2025-09-19 04:27:51'),(1167,1,'admin','GET','127.0.0.1','{\"_pjax\":\"#pjax-container\"}','2025-09-19 04:27:53','2025-09-19 04:27:53'),(1168,1,'admin/auth/users','GET','127.0.0.1','{\"_pjax\":\"#pjax-container\"}','2025-09-19 06:19:20','2025-09-19 06:19:20'),(1169,1,'admin','GET','127.0.0.1','[]','2025-09-19 06:19:21','2025-09-19 06:19:21'),(1170,1,'admin/auth/roles','GET','127.0.0.1','{\"_pjax\":\"#pjax-container\"}','2025-09-19 06:19:32','2025-09-19 06:19:32'),(1171,1,'admin/auth/users','GET','127.0.0.1','{\"_pjax\":\"#pjax-container\"}','2025-09-19 06:19:35','2025-09-19 06:19:35'),(1172,1,'admin/auth/roles','GET','127.0.0.1','[]','2025-09-19 06:19:35','2025-09-19 06:19:35'),(1173,1,'admin/auth/login','GET','127.0.0.1','[]','2025-09-19 06:28:17','2025-09-19 06:28:17'),(1174,1,'admin','GET','127.0.0.1','[]','2025-09-19 06:28:17','2025-09-19 06:28:17'),(1175,1,'admin/auth/users','GET','127.0.0.1','{\"_pjax\":\"#pjax-container\"}','2025-09-19 06:28:21','2025-09-19 06:28:21'),(1176,1,'admin','GET','127.0.0.1','[]','2025-09-19 06:28:21','2025-09-19 06:28:21'),(1177,1,'admin','GET','127.0.0.1','[]','2025-09-19 06:32:32','2025-09-19 06:32:32'),(1178,1,'admin/auth/login','GET','127.0.0.1','[]','2025-09-19 06:44:11','2025-09-19 06:44:11'),(1179,1,'admin','GET','127.0.0.1','[]','2025-09-19 06:44:11','2025-09-19 06:44:11'),(1180,1,'admin/auth/login','GET','127.0.0.1','[]','2025-09-19 06:44:15','2025-09-19 06:44:15'),(1181,1,'admin','GET','127.0.0.1','[]','2025-09-19 06:44:16','2025-09-19 06:44:16'),(1182,1,'admin/auth/login','GET','127.0.0.1','[]','2025-09-19 06:47:55','2025-09-19 06:47:55'),(1183,1,'admin','GET','127.0.0.1','[]','2025-09-19 06:47:55','2025-09-19 06:47:55'),(1184,1,'admin/auth/login','GET','127.0.0.1','[]','2025-09-19 06:48:05','2025-09-19 06:48:05'),(1185,1,'admin','GET','127.0.0.1','[]','2025-09-19 06:48:05','2025-09-19 06:48:05'),(1186,1,'admin/auth/login','GET','127.0.0.1','[]','2025-09-19 06:51:40','2025-09-19 06:51:40'),(1187,1,'admin','GET','127.0.0.1','[]','2025-09-19 06:51:40','2025-09-19 06:51:40'),(1188,1,'admin/auth/users','GET','127.0.0.1','{\"_pjax\":\"#pjax-container\"}','2025-09-19 06:51:46','2025-09-19 06:51:46'),(1189,1,'admin/auth/users/create','GET','127.0.0.1','{\"_pjax\":\"#pjax-container\"}','2025-09-19 06:52:04','2025-09-19 06:52:04'),(1190,1,'admin/auth/users','GET','127.0.0.1','[]','2025-09-19 06:52:04','2025-09-19 06:52:04'),(1191,1,'admin/auth/users','GET','127.0.0.1','{\"_columns_\":\"avatar,created_at,id,name,password,remember_token,updated_at\",\"_pjax\":\"#pjax-container\"}','2025-09-19 06:52:23','2025-09-19 06:52:23'),(1192,1,'admin/auth/users','GET','127.0.0.1','{\"_pjax\":\"#pjax-container\"}','2025-09-19 06:52:26','2025-09-19 06:52:26'),(1193,1,'admin/auth/users','GET','127.0.0.1','{\"_pjax\":\"#pjax-container\"}','2025-09-19 06:52:35','2025-09-19 06:52:35'),(1194,1,'admin/auth/logout','GET','127.0.0.1','{\"_pjax\":\"#pjax-container\"}','2025-09-19 06:52:53','2025-09-19 06:52:53'),(1195,81,'admin','GET','127.0.0.1','[]','2025-09-19 06:55:14','2025-09-19 06:55:14'),(1196,81,'admin/borrow-rooms','GET','127.0.0.1','{\"_pjax\":\"#pjax-container\"}','2025-09-19 06:55:17','2025-09-19 06:55:17'),(1197,81,'admin','GET','127.0.0.1','{\"_pjax\":\"#pjax-container\"}','2025-09-19 06:55:19','2025-09-19 06:55:19'),(1198,81,'admin/auth/users','GET','127.0.0.1','{\"_pjax\":\"#pjax-container\"}','2025-09-19 06:55:20','2025-09-19 06:55:20'),(1199,81,'admin','GET','127.0.0.1','{\"_pjax\":\"#pjax-container\"}','2025-09-19 06:55:22','2025-09-19 06:55:22'),(1200,81,'admin/room-types','GET','127.0.0.1','{\"_pjax\":\"#pjax-container\"}','2025-09-19 06:55:24','2025-09-19 06:55:24'),(1201,81,'admin','GET','127.0.0.1','{\"_pjax\":\"#pjax-container\"}','2025-09-19 06:55:25','2025-09-19 06:55:25'),(1202,81,'admin/rooms','GET','127.0.0.1','{\"_pjax\":\"#pjax-container\"}','2025-09-19 06:55:27','2025-09-19 06:55:27'),(1203,81,'admin','GET','127.0.0.1','{\"_pjax\":\"#pjax-container\"}','2025-09-19 06:55:28','2025-09-19 06:55:28'),(1204,81,'admin/borrow-rooms','GET','127.0.0.1','{\"_pjax\":\"#pjax-container\"}','2025-09-19 06:55:30','2025-09-19 06:55:30'),(1205,81,'admin','GET','127.0.0.1','{\"_pjax\":\"#pjax-container\"}','2025-09-19 06:55:33','2025-09-19 06:55:33'),(1206,81,'admin/auth/setting','GET','127.0.0.1','{\"_pjax\":\"#pjax-container\"}','2025-09-19 06:55:36','2025-09-19 06:55:36'),(1207,81,'admin','GET','127.0.0.1','[]','2025-09-19 06:55:36','2025-09-19 06:55:36'),(1208,81,'admin/auth/setting','GET','127.0.0.1','{\"_pjax\":\"#pjax-container\"}','2025-09-19 06:55:45','2025-09-19 06:55:45'),(1209,81,'admin','GET','127.0.0.1','[]','2025-09-19 06:55:46','2025-09-19 06:55:46'),(1210,81,'admin/auth/setting','GET','127.0.0.1','{\"_pjax\":\"#pjax-container\"}','2025-09-19 06:55:51','2025-09-19 06:55:51'),(1211,81,'admin','GET','127.0.0.1','[]','2025-09-19 06:55:52','2025-09-19 06:55:52'),(1212,81,'admin/auth/logout','GET','127.0.0.1','{\"_pjax\":\"#pjax-container\"}','2025-09-19 06:55:55','2025-09-19 06:55:55'),(1213,1,'admin','GET','127.0.0.1','[]','2025-09-19 06:56:03','2025-09-19 06:56:03'),(1214,1,'admin/auth/setting','GET','127.0.0.1','{\"_pjax\":\"#pjax-container\"}','2025-09-19 06:56:06','2025-09-19 06:56:06'),(1215,1,'admin','GET','127.0.0.1','[]','2025-09-19 06:56:07','2025-09-19 06:56:07'),(1216,1,'admin','GET','127.0.0.1','{\"_pjax\":\"#pjax-container\"}','2025-09-19 06:56:10','2025-09-19 06:56:10'),(1217,1,'admin','GET','127.0.0.1','{\"_pjax\":\"#pjax-container\"}','2025-09-19 06:56:11','2025-09-19 06:56:11'),(1218,1,'admin/auth/users','GET','127.0.0.1','{\"_pjax\":\"#pjax-container\"}','2025-09-19 06:56:13','2025-09-19 06:56:13'),(1219,1,'admin/auth/users','GET','127.0.0.1','{\"_columns_\":\"created_at,id,name,updated_at,username\",\"_pjax\":\"#pjax-container\"}','2025-09-19 06:56:26','2025-09-19 06:56:26'),(1220,1,'admin/auth/roles','GET','127.0.0.1','{\"_pjax\":\"#pjax-container\"}','2025-09-19 06:56:33','2025-09-19 06:56:33'),(1221,1,'admin/auth/permissions','GET','127.0.0.1','{\"_pjax\":\"#pjax-container\"}','2025-09-19 06:56:38','2025-09-19 06:56:38'),(1222,1,'admin/auth/permissions','GET','127.0.0.1','{\"_pjax\":\"#pjax-container\"}','2025-09-19 06:56:38','2025-09-19 06:56:38'),(1223,1,'admin/auth/menu','GET','127.0.0.1','{\"_pjax\":\"#pjax-container\"}','2025-09-19 06:56:39','2025-09-19 06:56:39'),(1224,1,'admin/auth/menu','GET','127.0.0.1','[]','2025-09-19 06:56:41','2025-09-19 06:56:41'),(1225,1,'admin/helpers/scaffold','GET','127.0.0.1','{\"_pjax\":\"#pjax-container\"}','2025-09-19 06:56:48','2025-09-19 06:56:48'),(1226,1,'admin/helpers/terminal/database','GET','127.0.0.1','{\"_pjax\":\"#pjax-container\"}','2025-09-19 06:56:50','2025-09-19 06:56:50'),(1227,1,'admin/helpers/routes','GET','127.0.0.1','{\"_pjax\":\"#pjax-container\"}','2025-09-19 06:56:51','2025-09-19 06:56:51'),(1228,1,'admin/helpers/terminal/artisan','GET','127.0.0.1','{\"_pjax\":\"#pjax-container\"}','2025-09-19 06:56:52','2025-09-19 06:56:52'),(1229,1,'admin/rooms','GET','127.0.0.1','{\"_pjax\":\"#pjax-container\"}','2025-09-19 06:56:55','2025-09-19 06:56:55'),(1230,1,'admin/borrow-rooms','GET','127.0.0.1','{\"_pjax\":\"#pjax-container\"}','2025-09-19 06:56:56','2025-09-19 06:56:56'),(1231,1,'admin/borrow-rooms','GET','127.0.0.1','{\"_pjax\":\"#pjax-container\",\"page\":\"2\"}','2025-09-19 06:57:03','2025-09-19 06:57:03'),(1232,1,'admin/rooms','GET','127.0.0.1','{\"_pjax\":\"#pjax-container\"}','2025-09-19 06:57:09','2025-09-19 06:57:09'),(1233,1,'admin/auth/logout','GET','127.0.0.1','{\"_pjax\":\"#pjax-container\"}','2025-09-19 06:57:18','2025-09-19 06:57:18'),(1234,82,'admin','GET','127.0.0.1','[]','2025-09-19 07:02:17','2025-09-19 07:02:17'),(1235,82,'admin/auth/users','GET','127.0.0.1','{\"_pjax\":\"#pjax-container\"}','2025-09-19 07:02:21','2025-09-19 07:02:21'),(1236,82,'admin','GET','127.0.0.1','{\"_pjax\":\"#pjax-container\"}','2025-09-19 07:02:23','2025-09-19 07:02:23'),(1237,82,'admin/room-types','GET','127.0.0.1','{\"_pjax\":\"#pjax-container\"}','2025-09-19 07:02:26','2025-09-19 07:02:26'),(1238,82,'admin','GET','127.0.0.1','{\"_pjax\":\"#pjax-container\"}','2025-09-19 07:02:27','2025-09-19 07:02:27'),(1239,82,'admin/rooms','GET','127.0.0.1','{\"_pjax\":\"#pjax-container\"}','2025-09-19 07:02:28','2025-09-19 07:02:28'),(1240,82,'admin','GET','127.0.0.1','{\"_pjax\":\"#pjax-container\"}','2025-09-19 07:02:30','2025-09-19 07:02:30'),(1241,82,'admin/borrow-rooms','GET','127.0.0.1','{\"_pjax\":\"#pjax-container\"}','2025-09-19 07:02:31','2025-09-19 07:02:31'),(1242,82,'admin','GET','127.0.0.1','{\"_pjax\":\"#pjax-container\"}','2025-09-19 07:02:33','2025-09-19 07:02:33'),(1243,82,'admin/auth/logout','GET','127.0.0.1','{\"_pjax\":\"#pjax-container\"}','2025-09-19 07:02:37','2025-09-19 07:02:37'),(1244,1,'admin','GET','127.0.0.1','[]','2025-09-19 07:02:46','2025-09-19 07:02:46'),(1245,1,'admin','GET','127.0.0.1','{\"_pjax\":\"#pjax-container\"}','2025-09-19 07:02:52','2025-09-19 07:02:52'),(1246,1,'admin/room-types','GET','127.0.0.1','{\"_pjax\":\"#pjax-container\"}','2025-09-19 07:02:53','2025-09-19 07:02:53'),(1247,1,'admin/room-types/create','GET','127.0.0.1','{\"_pjax\":\"#pjax-container\"}','2025-09-19 07:02:56','2025-09-19 07:02:56'),(1248,1,'admin/rooms','GET','127.0.0.1','{\"_pjax\":\"#pjax-container\"}','2025-09-19 07:03:02','2025-09-19 07:03:02'),(1249,1,'admin/rooms/create','GET','127.0.0.1','{\"_pjax\":\"#pjax-container\"}','2025-09-19 07:03:04','2025-09-19 07:03:04'),(1250,1,'admin/rooms','POST','127.0.0.1','{\"name\":\"KANTIN\",\"room_type_id\":\"24\",\"max_people\":\"30\",\"status\":\"0\",\"notes\":\"tempat makan\",\"_token\":\"yhUfXgSsBFKt2jmUEEdeAjRByk1O5y0g24HWGCht\",\"_previous_\":\"http:\\/\\/127.0.0.1:8000\\/admin\\/rooms\"}','2025-09-19 07:03:40','2025-09-19 07:03:40'),(1251,1,'admin/rooms','GET','127.0.0.1','[]','2025-09-19 07:03:40','2025-09-19 07:03:40'),(1252,1,'admin/_handle_action_','POST','127.0.0.1','{\"_key\":\"33\",\"_model\":\"App_Models_Room\",\"_token\":\"yhUfXgSsBFKt2jmUEEdeAjRByk1O5y0g24HWGCht\",\"_action\":\"Encore_Admin_Grid_Actions_Delete\",\"_input\":\"true\"}','2025-09-19 07:03:50','2025-09-19 07:03:50'),(1253,1,'admin/rooms','GET','127.0.0.1','{\"_pjax\":\"#pjax-container\"}','2025-09-19 07:03:51','2025-09-19 07:03:51'),(1254,1,'admin/rooms','GET','127.0.0.1','{\"_pjax\":\"#pjax-container\"}','2025-09-19 07:03:54','2025-09-19 07:03:54'),(1255,1,'admin/borrow-rooms','GET','127.0.0.1','{\"_pjax\":\"#pjax-container\"}','2025-09-19 07:03:56','2025-09-19 07:03:56'),(1256,1,'admin/auth/setting','GET','127.0.0.1','{\"_pjax\":\"#pjax-container\"}','2025-09-19 07:04:04','2025-09-19 07:04:04'),(1257,1,'admin/borrow-rooms','GET','127.0.0.1','[]','2025-09-19 07:04:05','2025-09-19 07:04:05'),(1258,1,'admin','GET','127.0.0.1','{\"_pjax\":\"#pjax-container\"}','2025-09-19 07:04:12','2025-09-19 07:04:12'),(1259,1,'admin/auth/setting','GET','127.0.0.1','{\"_pjax\":\"#pjax-container\"}','2025-09-19 07:04:13','2025-09-19 07:04:13'),(1260,1,'admin','GET','127.0.0.1','[]','2025-09-19 07:04:14','2025-09-19 07:04:14'),(1261,1,'admin/auth/users','GET','127.0.0.1','{\"_pjax\":\"#pjax-container\"}','2025-09-19 07:04:18','2025-09-19 07:04:18'),(1262,1,'admin/auth/setting','GET','127.0.0.1','{\"_pjax\":\"#pjax-container\"}','2025-09-19 07:07:15','2025-09-19 07:07:15'),(1263,1,'admin/auth/users','GET','127.0.0.1','[]','2025-09-19 07:07:15','2025-09-19 07:07:15'),(1264,1,'admin','GET','127.0.0.1','{\"_pjax\":\"#pjax-container\"}','2025-09-19 07:08:50','2025-09-19 07:08:50'),(1265,1,'admin/borrow-rooms','GET','127.0.0.1','{\"_pjax\":\"#pjax-container\"}','2025-09-19 07:08:51','2025-09-19 07:08:51'),(1266,1,'admin/auth/roles','GET','127.0.0.1','{\"_pjax\":\"#pjax-container\"}','2025-09-19 07:08:53','2025-09-19 07:08:53'),(1267,1,'admin/auth/users','GET','127.0.0.1','{\"_pjax\":\"#pjax-container\"}','2025-09-19 07:08:54','2025-09-19 07:08:54'),(1268,1,'admin/auth/menu','GET','127.0.0.1','{\"_pjax\":\"#pjax-container\"}','2025-09-19 07:08:56','2025-09-19 07:08:56'),(1269,1,'admin/borrow-rooms','GET','127.0.0.1','{\"_pjax\":\"#pjax-container\"}','2025-09-19 07:08:57','2025-09-19 07:08:57'),(1270,1,'admin/rooms','GET','127.0.0.1','{\"_pjax\":\"#pjax-container\"}','2025-09-19 07:08:58','2025-09-19 07:08:58'),(1271,1,'admin/room-types','GET','127.0.0.1','{\"_pjax\":\"#pjax-container\"}','2025-09-19 07:08:59','2025-09-19 07:08:59'),(1272,1,'admin','GET','127.0.0.1','{\"_pjax\":\"#pjax-container\"}','2025-09-19 07:08:59','2025-09-19 07:08:59'),(1273,1,'admin/auth/setting','GET','127.0.0.1','{\"_pjax\":\"#pjax-container\"}','2025-09-19 07:09:08','2025-09-19 07:09:08'),(1274,1,'admin','GET','127.0.0.1','[]','2025-09-19 07:09:09','2025-09-19 07:09:09'),(1275,1,'admin','GET','127.0.0.1','[]','2025-09-19 07:15:32','2025-09-19 07:15:32'),(1276,1,'admin/auth/setting','GET','127.0.0.1','{\"_pjax\":\"#pjax-container\"}','2025-09-19 07:15:35','2025-09-19 07:15:35'),(1277,1,'admin','GET','127.0.0.1','[]','2025-09-19 07:15:36','2025-09-19 07:15:36'),(1278,1,'admin/auth/setting','GET','127.0.0.1','{\"_pjax\":\"#pjax-container\"}','2025-09-19 07:15:41','2025-09-19 07:15:41'),(1279,1,'admin','GET','127.0.0.1','[]','2025-09-19 07:15:41','2025-09-19 07:15:41'),(1280,1,'admin/auth/login','GET','127.0.0.1','[]','2025-09-19 07:27:18','2025-09-19 07:27:18'),(1281,1,'admin','GET','127.0.0.1','[]','2025-09-19 07:27:19','2025-09-19 07:27:19'),(1282,1,'admin/auth/setting','GET','127.0.0.1','{\"_pjax\":\"#pjax-container\"}','2025-09-19 07:27:22','2025-09-19 07:27:22'),(1283,1,'admin','GET','127.0.0.1','[]','2025-09-19 07:27:22','2025-09-19 07:27:22'),(1284,1,'admin/auth/setting','GET','127.0.0.1','{\"_pjax\":\"#pjax-container\"}','2025-09-19 07:27:26','2025-09-19 07:27:26'),(1285,1,'admin','GET','127.0.0.1','[]','2025-09-19 07:27:26','2025-09-19 07:27:26'),(1286,1,'admin/auth/logout','GET','127.0.0.1','{\"_pjax\":\"#pjax-container\"}','2025-09-19 07:27:29','2025-09-19 07:27:29'),(1287,82,'admin','GET','127.0.0.1','[]','2025-09-19 07:27:34','2025-09-19 07:27:34'),(1288,82,'admin/auth/setting','GET','127.0.0.1','{\"_pjax\":\"#pjax-container\"}','2025-09-19 07:27:37','2025-09-19 07:27:37'),(1289,82,'admin','GET','127.0.0.1','[]','2025-09-19 07:27:38','2025-09-19 07:27:38'),(1290,82,'admin/auth/setting','GET','127.0.0.1','{\"_pjax\":\"#pjax-container\"}','2025-09-19 07:27:42','2025-09-19 07:27:42'),(1291,82,'admin','GET','127.0.0.1','[]','2025-09-19 07:27:43','2025-09-19 07:27:43'),(1292,82,'admin/auth/login','GET','127.0.0.1','[]','2025-09-22 06:37:23','2025-09-22 06:37:23'),(1293,82,'admin','GET','127.0.0.1','[]','2025-09-22 06:37:23','2025-09-22 06:37:23'),(1294,82,'admin/auth/setting','GET','127.0.0.1','{\"_pjax\":\"#pjax-container\"}','2025-09-22 06:37:30','2025-09-22 06:37:30'),(1295,82,'admin','GET','127.0.0.1','[]','2025-09-22 06:37:30','2025-09-22 06:37:30'),(1296,82,'admin/auth/setting','GET','127.0.0.1','{\"_pjax\":\"#pjax-container\"}','2025-09-22 06:37:33','2025-09-22 06:37:33'),(1297,82,'admin','GET','127.0.0.1','[]','2025-09-22 06:37:33','2025-09-22 06:37:33'),(1298,82,'admin','GET','127.0.0.1','[]','2025-09-22 06:57:56','2025-09-22 06:57:56'),(1299,82,'admin/auth/setting','GET','127.0.0.1','{\"_pjax\":\"#pjax-container\"}','2025-09-22 06:58:01','2025-09-22 06:58:01'),(1300,82,'admin','GET','127.0.0.1','[]','2025-09-22 06:58:02','2025-09-22 06:58:02'),(1301,82,'admin/auth/setting','GET','127.0.0.1','{\"_pjax\":\"#pjax-container\"}','2025-09-22 06:58:07','2025-09-22 06:58:07'),(1302,82,'admin','GET','127.0.0.1','[]','2025-09-22 06:58:08','2025-09-22 06:58:08'),(1303,82,'admin','GET','127.0.0.1','[]','2025-09-22 07:04:16','2025-09-22 07:04:16'),(1304,82,'admin/auth/setting','GET','127.0.0.1','{\"_pjax\":\"#pjax-container\"}','2025-09-22 07:04:20','2025-09-22 07:04:20'),(1305,82,'admin','GET','127.0.0.1','[]','2025-09-22 07:04:21','2025-09-22 07:04:21'),(1306,82,'admin/auth/login','GET','127.0.0.1','[]','2025-09-22 07:16:23','2025-09-22 07:16:23'),(1307,82,'admin','GET','127.0.0.1','[]','2025-09-22 07:16:23','2025-09-22 07:16:23'),(1308,82,'admin/auth/login','GET','127.0.0.1','[]','2025-09-22 07:16:34','2025-09-22 07:16:34'),(1309,82,'admin','GET','127.0.0.1','[]','2025-09-22 07:16:34','2025-09-22 07:16:34'),(1310,82,'admin/auth/login','GET','127.0.0.1','[]','2025-09-22 07:17:01','2025-09-22 07:17:01'),(1311,82,'admin','GET','127.0.0.1','[]','2025-09-22 07:17:01','2025-09-22 07:17:01'),(1312,82,'admin/room-types','GET','127.0.0.1','[]','2025-09-22 07:17:15','2025-09-22 07:17:15'),(1313,82,'admin','GET','127.0.0.1','{\"_pjax\":\"#pjax-container\"}','2025-09-22 07:17:22','2025-09-22 07:17:22'),(1314,82,'admin/room-types','GET','127.0.0.1','[]','2025-09-22 07:17:22','2025-09-22 07:17:22'),(1315,82,'admin/auth/logout','GET','127.0.0.1','{\"_pjax\":\"#pjax-container\"}','2025-09-22 07:17:27','2025-09-22 07:17:27'),(1316,1,'admin','GET','127.0.0.1','[]','2025-09-22 07:17:33','2025-09-22 07:17:33'),(1317,1,'admin','GET','127.0.0.1','[]','2025-09-22 07:20:24','2025-09-22 07:20:24'),(1318,1,'admin/auth/setting','GET','127.0.0.1','{\"_pjax\":\"#pjax-container\"}','2025-09-22 07:20:29','2025-09-22 07:20:29'),(1319,1,'admin','GET','127.0.0.1','[]','2025-09-22 07:20:29','2025-09-22 07:20:29'),(1320,1,'admin/auth/setting','GET','127.0.0.1','{\"_pjax\":\"#pjax-container\"}','2025-09-22 07:20:32','2025-09-22 07:20:32'),(1321,1,'admin','GET','127.0.0.1','[]','2025-09-22 07:20:32','2025-09-22 07:20:32'),(1322,1,'admin/auth/login','GET','127.0.0.1','[]','2025-09-22 07:32:04','2025-09-22 07:32:04'),(1323,1,'admin','GET','127.0.0.1','[]','2025-09-22 07:32:04','2025-09-22 07:32:04'),(1324,1,'admin/auth/setting','GET','127.0.0.1','{\"_pjax\":\"#pjax-container\"}','2025-09-22 07:32:08','2025-09-22 07:32:08'),(1325,1,'admin','GET','127.0.0.1','[]','2025-09-22 07:32:08','2025-09-22 07:32:08'),(1326,1,'admin/auth/setting','GET','127.0.0.1','[]','2025-09-22 07:32:21','2025-09-22 07:32:21'),(1327,1,'admin/auth/setting','GET','127.0.0.1','{\"_pjax\":\"#pjax-container\"}','2025-09-22 07:32:28','2025-09-22 07:32:28'),(1328,1,'admin','GET','127.0.0.1','[]','2025-09-22 07:32:28','2025-09-22 07:32:28'),(1329,1,'admin/auth/setting','GET','127.0.0.1','[]','2025-09-22 07:38:30','2025-09-22 07:38:30'),(1330,1,'admin','GET','127.0.0.1','[]','2025-09-22 07:39:37','2025-09-22 07:39:37'),(1331,1,'admin/auth/setting','GET','127.0.0.1','{\"_pjax\":\"#pjax-container\"}','2025-09-22 07:39:40','2025-09-22 07:39:40'),(1332,1,'admin','GET','127.0.0.1','[]','2025-09-22 07:39:41','2025-09-22 07:39:41'),(1333,1,'admin/auth/setting','GET','127.0.0.1','{\"_pjax\":\"#pjax-container\"}','2025-09-22 07:39:43','2025-09-22 07:39:43'),(1334,1,'admin','GET','127.0.0.1','[]','2025-09-22 07:39:43','2025-09-22 07:39:43'),(1335,1,'admin/auth/setting','GET','127.0.0.1','[]','2025-09-22 07:39:46','2025-09-22 07:39:46'),(1336,1,'admin','GET','127.0.0.1','[]','2025-09-22 07:51:03','2025-09-22 07:51:03'),(1337,1,'admin/auth/setting','GET','127.0.0.1','{\"_pjax\":\"#pjax-container\"}','2025-09-22 07:51:07','2025-09-22 07:51:07'),(1338,1,'admin','GET','127.0.0.1','[]','2025-09-22 07:51:07','2025-09-22 07:51:07'),(1339,1,'admin/auth/setting','GET','127.0.0.1','{\"_pjax\":\"#pjax-container\"}','2025-09-22 07:51:11','2025-09-22 07:51:11'),(1340,1,'admin','GET','127.0.0.1','[]','2025-09-22 07:51:11','2025-09-22 07:51:11'),(1341,1,'admin/auth/setting','GET','127.0.0.1','[]','2025-09-22 07:51:15','2025-09-22 07:51:15'),(1342,1,'admin/auth/setting','GET','127.0.0.1','[]','2025-09-22 08:36:18','2025-09-22 08:36:18'),(1343,1,'admin','GET','127.0.0.1','[]','2025-09-22 08:42:27','2025-09-22 08:42:27'),(1344,1,'admin/auth/setting','GET','127.0.0.1','{\"_pjax\":\"#pjax-container\"}','2025-09-22 08:42:32','2025-09-22 08:42:32'),(1345,1,'admin/auth/setting','GET','127.0.0.1','[]','2025-09-22 08:42:32','2025-09-22 08:42:32'),(1346,1,'admin/auth/setting','GET','127.0.0.1','{\"_pjax\":\"#pjax-container\"}','2025-09-22 08:42:44','2025-09-22 08:42:44'),(1347,1,'admin/auth/setting','GET','127.0.0.1','[]','2025-09-22 08:42:45','2025-09-22 08:42:45'),(1348,1,'admin/auth/login','GET','127.0.0.1','[]','2025-09-22 08:43:50','2025-09-22 08:43:50'),(1349,1,'admin','GET','127.0.0.1','[]','2025-09-22 08:43:50','2025-09-22 08:43:50'),(1350,1,'admin/auth/setting','GET','127.0.0.1','{\"_pjax\":\"#pjax-container\"}','2025-09-22 08:43:53','2025-09-22 08:43:53'),(1351,1,'admin/auth/setting','GET','127.0.0.1','[]','2025-09-22 08:43:54','2025-09-22 08:43:54'),(1352,1,'admin/auth/setting','GET','127.0.0.1','{\"_pjax\":\"#pjax-container\"}','2025-09-22 08:50:24','2025-09-22 08:50:24'),(1353,1,'admin/auth/logout','GET','127.0.0.1','{\"_pjax\":\"#pjax-container\"}','2025-09-22 08:50:36','2025-09-22 08:50:36'),(1354,80,'admin','GET','127.0.0.1','[]','2025-09-22 08:50:41','2025-09-22 08:50:41'),(1355,80,'admin/auth/setting','GET','127.0.0.1','{\"_pjax\":\"#pjax-container\"}','2025-09-22 08:50:47','2025-09-22 08:50:47'),(1356,80,'admin/auth/setting','PUT','127.0.0.1','{\"name\":\"Umar\",\"password\":\"00\",\"password_confirmation\":\"00\",\"_token\":\"kxaHL6atpDmBHfcA75xNGZyUo9zeCItL4241SWhL\",\"_method\":\"PUT\",\"_previous_\":\"http:\\/\\/127.0.0.1:8000\\/admin\"}','2025-09-22 08:51:29','2025-09-22 08:51:29'),(1357,80,'admin/auth/setting','GET','127.0.0.1','[]','2025-09-22 08:51:29','2025-09-22 08:51:29'),(1358,80,'admin','GET','127.0.0.1','{\"_pjax\":\"#pjax-container\"}','2025-09-22 08:51:35','2025-09-22 08:51:35'),(1359,80,'admin','GET','127.0.0.1','{\"_pjax\":\"#pjax-container\"}','2025-09-22 08:51:42','2025-09-22 08:51:42'),(1360,80,'admin/auth/logout','GET','127.0.0.1','{\"_pjax\":\"#pjax-container\"}','2025-09-22 08:51:46','2025-09-22 08:51:46'),(1361,80,'admin','GET','127.0.0.1','[]','2025-09-22 08:51:53','2025-09-22 08:51:53'),(1362,80,'admin/borrow-rooms','GET','127.0.0.1','{\"_pjax\":\"#pjax-container\"}','2025-09-22 08:52:00','2025-09-22 08:52:00'),(1363,80,'admin','GET','127.0.0.1','{\"_pjax\":\"#pjax-container\"}','2025-09-22 08:52:03','2025-09-22 08:52:03'),(1364,80,'admin/rooms','GET','127.0.0.1','{\"_pjax\":\"#pjax-container\"}','2025-09-22 08:52:27','2025-09-22 08:52:27'),(1365,80,'admin/auth/logout','GET','127.0.0.1','{\"_pjax\":\"#pjax-container\"}','2025-09-22 08:52:35','2025-09-22 08:52:35'),(1366,83,'admin','GET','127.0.0.1','[]','2025-09-22 08:56:01','2025-09-22 08:56:01'),(1367,83,'admin/borrow-rooms','GET','127.0.0.1','{\"_pjax\":\"#pjax-container\"}','2025-09-22 08:56:07','2025-09-22 08:56:07'),(1368,83,'admin/borrow-rooms/29','GET','127.0.0.1','{\"_pjax\":\"#pjax-container\"}','2025-09-22 08:56:17','2025-09-22 08:56:17'),(1369,83,'admin/auth/logout','GET','127.0.0.1','{\"_pjax\":\"#pjax-container\"}','2025-09-22 08:56:23','2025-09-22 08:56:23'),(1370,83,'admin','GET','127.0.0.1','[]','2025-09-22 08:56:34','2025-09-22 08:56:34'),(1371,83,'admin/auth/setting','GET','127.0.0.1','{\"_pjax\":\"#pjax-container\"}','2025-09-22 08:56:41','2025-09-22 08:56:41'),(1372,83,'admin/auth/setting','PUT','127.0.0.1','{\"name\":\"UMAR76\",\"password\":\"76\",\"password_confirmation\":\"76\",\"_token\":\"VEk6jXw94c1wsQiIxGvYdAE48V6TrU6s84dgICG9\",\"_method\":\"PUT\",\"_previous_\":\"http:\\/\\/127.0.0.1:8000\\/admin\"}','2025-09-22 08:56:59','2025-09-22 08:56:59'),(1373,83,'admin/auth/setting','GET','127.0.0.1','[]','2025-09-22 08:56:59','2025-09-22 08:56:59'),(1374,83,'admin/borrow-rooms','GET','127.0.0.1','{\"_pjax\":\"#pjax-container\"}','2025-09-22 08:57:06','2025-09-22 08:57:06'),(1375,83,'admin/auth/logout','GET','127.0.0.1','{\"_pjax\":\"#pjax-container\"}','2025-09-22 08:57:10','2025-09-22 08:57:10'),(1376,78,'admin','GET','127.0.0.1','[]','2025-09-22 08:57:19','2025-09-22 08:57:19'),(1377,78,'admin/auth/logout','GET','127.0.0.1','{\"_pjax\":\"#pjax-container\"}','2025-09-22 08:57:26','2025-09-22 08:57:26'),(1378,83,'admin','GET','127.0.0.1','[]','2025-09-22 08:57:34','2025-09-22 08:57:34'),(1379,83,'admin/auth/logout','GET','127.0.0.1','{\"_pjax\":\"#pjax-container\"}','2025-09-22 08:57:41','2025-09-22 08:57:41'),(1380,1,'admin','GET','127.0.0.1','[]','2025-09-22 08:57:48','2025-09-22 08:57:48'),(1381,1,'admin/room-types','GET','127.0.0.1','{\"_pjax\":\"#pjax-container\"}','2025-09-22 08:57:50','2025-09-22 08:57:50'),(1382,1,'admin/rooms','GET','127.0.0.1','{\"_pjax\":\"#pjax-container\"}','2025-09-22 08:57:52','2025-09-22 08:57:52'),(1383,1,'admin/borrow-rooms','GET','127.0.0.1','{\"_pjax\":\"#pjax-container\"}','2025-09-22 08:57:55','2025-09-22 08:57:55'),(1384,1,'admin/borrow-rooms','GET','127.0.0.1','{\"_pjax\":\"#pjax-container\",\"page\":\"2\"}','2025-09-22 08:58:00','2025-09-22 08:58:00'),(1385,1,'admin/borrow-rooms/29/edit','GET','127.0.0.1','{\"_pjax\":\"#pjax-container\"}','2025-09-22 08:58:06','2025-09-22 08:58:06'),(1386,1,'admin/borrow-rooms/29','PUT','127.0.0.1','{\"borrower_id\":\"83\",\"room_id\":\"27\",\"borrow_at\":\"2025-09-23 15:50\",\"until_at\":\"2025-09-23 19:55\",\"kepala_bidang_id\":\"65\",\"kepala_bidang_approval_status\":\"1\",\"admin_id\":null,\"admin_approval_status\":\"1\",\"processed_at\":\"2025-09-23 00:00\",\"returned_at\":\"2025-09-23 00:00\",\"notes\":\"rapat\",\"_token\":\"XxmmwNk0mxvQBctHTfu819Rpbs1FRqoTHjmMDysq\",\"_method\":\"PUT\",\"_previous_\":\"http:\\/\\/127.0.0.1:8000\\/admin\\/borrow-rooms?&page=2\"}','2025-09-22 08:58:24','2025-09-22 08:58:24'),(1387,1,'admin/borrow-rooms','GET','127.0.0.1','{\"page\":\"2\"}','2025-09-22 08:58:25','2025-09-22 08:58:25'),(1388,1,'admin/auth/logout','GET','127.0.0.1','{\"_pjax\":\"#pjax-container\"}','2025-09-22 08:58:33','2025-09-22 08:58:33'),(1389,83,'admin','GET','127.0.0.1','[]','2025-09-22 08:58:43','2025-09-22 08:58:43'),(1390,83,'admin/borrow-rooms','GET','127.0.0.1','{\"_pjax\":\"#pjax-container\"}','2025-09-22 08:58:47','2025-09-22 08:58:47'),(1391,83,'admin/auth/login','GET','127.0.0.1','[]','2025-09-23 01:35:59','2025-09-23 01:35:59'),(1392,83,'admin','GET','127.0.0.1','[]','2025-09-23 01:36:00','2025-09-23 01:36:00'),(1393,83,'admin/auth/logout','GET','127.0.0.1','{\"_pjax\":\"#pjax-container\"}','2025-09-23 01:36:03','2025-09-23 01:36:03');
/*!40000 ALTER TABLE `admin_operation_log` ENABLE KEYS */;
UNLOCK TABLES;

--
-- Table structure for table `admin_permissions`
--

DROP TABLE IF EXISTS `admin_permissions`;
/*!40101 SET @saved_cs_client     = @@character_set_client */;
/*!40101 SET character_set_client = utf8 */;
CREATE TABLE `admin_permissions` (
  `id` int(10) unsigned NOT NULL AUTO_INCREMENT,
  `name` varchar(50) COLLATE utf8mb4_unicode_ci NOT NULL,
  `slug` varchar(50) COLLATE utf8mb4_unicode_ci NOT NULL,
  `http_method` varchar(191) COLLATE utf8mb4_unicode_ci DEFAULT NULL,
  `http_path` text COLLATE utf8mb4_unicode_ci DEFAULT NULL,
  `created_at` timestamp NULL DEFAULT NULL,
  `updated_at` timestamp NULL DEFAULT NULL,
  PRIMARY KEY (`id`),
  UNIQUE KEY `admin_permissions_name_unique` (`name`),
  UNIQUE KEY `admin_permissions_slug_unique` (`slug`)
) ENGINE=InnoDB AUTO_INCREMENT=20 DEFAULT CHARSET=utf8mb4 COLLATE=utf8mb4_unicode_ci;
/*!40101 SET character_set_client = @saved_cs_client */;

--
-- Dumping data for table `admin_permissions`
--

LOCK TABLES `admin_permissions` WRITE;
/*!40000 ALTER TABLE `admin_permissions` DISABLE KEYS */;
INSERT INTO `admin_permissions` VALUES (1,'All permission','*','','*',NULL,NULL),(2,'Dashboard','dashboard','GET','/',NULL,NULL),(3,'Login','auth.login','','/auth/login\n                                /auth/logout',NULL,NULL),(4,'User setting','auth.setting','GET,PUT','/auth/setting',NULL,NULL),(5,'Auth management','auth.management','','/auth/roles\n                                /auth/permissions\n                                /auth/menu\n                                /auth/logs',NULL,NULL),(6,'Admin helpers','ext.helpers','','/helpers/*','2021-08-04 15:20:58','2021-08-04 15:20:58'),(7,'List Room Types','list.room_types','GET','/room-types*','2021-08-11 18:32:56','2021-08-11 19:08:23'),(8,'Create Room Type','create.room_types','POST','/room-types*','2021-08-11 18:47:16','2021-08-11 19:09:02'),(9,'Edit Room Type','edit.room_types','PUT','/room-types/*','2021-08-11 18:54:49','2021-08-11 19:09:47'),(11,'Delete Room Type','delete.room_types','DELETE','/room-types/*','2021-08-11 19:01:03','2021-08-11 19:01:03'),(12,'List Rooms','list.rooms','GET','/rooms*','2021-08-11 19:11:31','2021-08-11 19:11:31'),(13,'Create Room','create.rooms','POST','/rooms*','2021-08-11 19:11:55','2021-08-11 19:11:55'),(14,'Edit Room','edit.rooms','PUT','/rooms/*','2021-08-11 19:12:23','2021-08-11 19:12:23'),(15,'Delete Room','delete.rooms','DELETE','/rooms/*','2021-08-11 19:12:40','2021-08-11 19:12:40'),(16,'List Borrow Rooms','list.borrow_rooms','GET','/borrow-rooms*','2021-08-11 19:13:24','2021-08-11 19:13:24'),(17,'Create Borrow Room','create.borrow_rooms','POST','/borrow-rooms*','2021-08-11 19:13:49','2021-08-11 19:13:49'),(18,'Edit Borrow Room','edit.borrow_rooms','PUT','/borrow-rooms/*','2021-08-11 19:14:12','2021-08-11 19:14:12'),(19,'Delete Borrow Rooms','delete.borrow_rooms','DELETE','/borrow-rooms/*','2021-08-11 19:14:35','2021-08-11 19:14:35');
/*!40000 ALTER TABLE `admin_permissions` ENABLE KEYS */;
UNLOCK TABLES;

--
-- Table structure for table `admin_role_menu`
--

DROP TABLE IF EXISTS `admin_role_menu`;
/*!40101 SET @saved_cs_client     = @@character_set_client */;
/*!40101 SET character_set_client = utf8 */;
CREATE TABLE `admin_role_menu` (
  `role_id` int(11) NOT NULL,
  `menu_id` int(11) NOT NULL,
  `created_at` timestamp NULL DEFAULT NULL,
  `updated_at` timestamp NULL DEFAULT NULL,
  KEY `admin_role_menu_role_id_menu_id_index` (`role_id`,`menu_id`)
) ENGINE=InnoDB DEFAULT CHARSET=utf8mb4 COLLATE=utf8mb4_unicode_ci;
/*!40101 SET character_set_client = @saved_cs_client */;

--
-- Dumping data for table `admin_role_menu`
--

LOCK TABLES `admin_role_menu` WRITE;
/*!40000 ALTER TABLE `admin_role_menu` DISABLE KEYS */;
INSERT INTO `admin_role_menu` VALUES (1,2,NULL,NULL),(1,8,NULL,NULL);
/*!40000 ALTER TABLE `admin_role_menu` ENABLE KEYS */;
UNLOCK TABLES;

--
-- Table structure for table `admin_role_permissions`
--

DROP TABLE IF EXISTS `admin_role_permissions`;
/*!40101 SET @saved_cs_client     = @@character_set_client */;
/*!40101 SET character_set_client = utf8 */;
CREATE TABLE `admin_role_permissions` (
  `role_id` int(11) NOT NULL,
  `permission_id` int(11) NOT NULL,
  `created_at` timestamp NULL DEFAULT NULL,
  `updated_at` timestamp NULL DEFAULT NULL,
  KEY `admin_role_permissions_role_id_permission_id_index` (`role_id`,`permission_id`)
) ENGINE=InnoDB DEFAULT CHARSET=utf8mb4 COLLATE=utf8mb4_unicode_ci;
/*!40101 SET character_set_client = @saved_cs_client */;

--
-- Dumping data for table `admin_role_permissions`
--

LOCK TABLES `admin_role_permissions` WRITE;
/*!40000 ALTER TABLE `admin_role_permissions` DISABLE KEYS */;
INSERT INTO `admin_role_permissions` VALUES (1,1,NULL,NULL),(3,2,NULL,NULL),(3,3,NULL,NULL),(3,4,NULL,NULL),(3,7,NULL,NULL),(3,12,NULL,NULL),(3,16,NULL,NULL),(3,18,NULL,NULL),(2,2,NULL,NULL),(2,3,NULL,NULL),(2,4,NULL,NULL),(2,7,NULL,NULL),(2,8,NULL,NULL),(2,9,NULL,NULL),(2,11,NULL,NULL),(2,12,NULL,NULL),(2,13,NULL,NULL),(2,14,NULL,NULL),(2,15,NULL,NULL),(2,16,NULL,NULL),(2,17,NULL,NULL),(2,18,NULL,NULL),(2,19,NULL,NULL),(4,2,NULL,NULL),(4,3,NULL,NULL),(4,4,NULL,NULL),(4,16,NULL,NULL);
/*!40000 ALTER TABLE `admin_role_permissions` ENABLE KEYS */;
UNLOCK TABLES;

--
-- Table structure for table `admin_role_users`
--

DROP TABLE IF EXISTS `admin_role_users`;
/*!40101 SET @saved_cs_client     = @@character_set_client */;
/*!40101 SET character_set_client = utf8 */;
CREATE TABLE `admin_role_users` (
  `role_id` int(11) NOT NULL,
  `user_id` int(11) NOT NULL,
  `created_at` timestamp NULL DEFAULT NULL,
  `updated_at` timestamp NULL DEFAULT NULL,
  KEY `admin_role_users_role_id_user_id_index` (`role_id`,`user_id`)
) ENGINE=InnoDB DEFAULT CHARSET=utf8mb4 COLLATE=utf8mb4_unicode_ci;
/*!40101 SET character_set_client = @saved_cs_client */;

--
-- Dumping data for table `admin_role_users`
--

LOCK TABLES `admin_role_users` WRITE;
/*!40000 ALTER TABLE `admin_role_users` DISABLE KEYS */;
INSERT INTO `admin_role_users` VALUES (1,1,NULL,NULL),(3,3,NULL,NULL),(3,4,NULL,NULL),(3,5,NULL,NULL),(3,6,NULL,NULL),(3,7,NULL,NULL),(3,8,NULL,NULL),(3,9,NULL,NULL),(3,10,NULL,NULL),(3,11,NULL,NULL),(3,12,NULL,NULL),(3,13,NULL,NULL),(3,14,NULL,NULL),(3,15,NULL,NULL),(3,16,NULL,NULL),(3,17,NULL,NULL),(3,18,NULL,NULL),(3,19,NULL,NULL),(3,20,NULL,NULL),(3,21,NULL,NULL),(3,22,NULL,NULL),(3,23,NULL,NULL),(3,24,NULL,NULL),(3,25,NULL,NULL),(3,26,NULL,NULL),(3,27,NULL,NULL),(3,28,NULL,NULL),(3,29,NULL,NULL),(3,30,NULL,NULL),(3,31,NULL,NULL),(3,32,NULL,NULL),(3,33,NULL,NULL),(3,34,NULL,NULL),(3,35,NULL,NULL),(3,36,NULL,NULL),(3,37,NULL,NULL),(3,38,NULL,NULL),(3,39,NULL,NULL),(3,40,NULL,NULL),(3,41,NULL,NULL),(3,42,NULL,NULL),(3,43,NULL,NULL),(3,44,NULL,NULL),(3,45,NULL,NULL),(3,46,NULL,NULL),(3,47,NULL,NULL),(3,48,NULL,NULL),(3,49,NULL,NULL),(3,50,NULL,NULL),(3,51,NULL,NULL),(3,52,NULL,NULL),(3,53,NULL,NULL),(3,54,NULL,NULL),(3,55,NULL,NULL),(3,56,NULL,NULL),(3,57,NULL,NULL),(3,58,NULL,NULL),(3,59,NULL,NULL),(3,60,NULL,NULL),(5,61,NULL,NULL),(5,62,NULL,NULL),(5,63,NULL,NULL),(2,64,NULL,NULL),(3,65,NULL,NULL),(4,66,NULL,NULL),(5,67,NULL,NULL),(5,68,NULL,NULL),(5,69,NULL,NULL),(5,70,NULL,NULL),(4,72,NULL,NULL),(4,73,NULL,NULL),(4,74,NULL,NULL),(4,75,NULL,NULL),(4,76,NULL,NULL),(4,77,NULL,NULL),(4,78,NULL,NULL),(4,79,NULL,NULL),(4,80,NULL,NULL),(4,81,NULL,NULL),(4,82,NULL,NULL),(4,83,NULL,NULL);
/*!40000 ALTER TABLE `admin_role_users` ENABLE KEYS */;
UNLOCK TABLES;

--
-- Table structure for table `admin_roles`
--

DROP TABLE IF EXISTS `admin_roles`;
/*!40101 SET @saved_cs_client     = @@character_set_client */;
/*!40101 SET character_set_client = utf8 */;
CREATE TABLE `admin_roles` (
  `id` int(10) unsigned NOT NULL AUTO_INCREMENT,
  `name` varchar(50) COLLATE utf8mb4_unicode_ci NOT NULL,
  `slug` varchar(50) COLLATE utf8mb4_unicode_ci NOT NULL,
  `created_at` timestamp NULL DEFAULT NULL,
  `updated_at` timestamp NULL DEFAULT NULL,
  PRIMARY KEY (`id`),
  UNIQUE KEY `admin_roles_name_unique` (`name`),
  UNIQUE KEY `admin_roles_slug_unique` (`slug`)
) ENGINE=InnoDB AUTO_INCREMENT=5 DEFAULT CHARSET=utf8mb4 COLLATE=utf8mb4_unicode_ci;
/*!40101 SET character_set_client = @saved_cs_client */;

--
-- Dumping data for table `admin_roles`
--

LOCK TABLES `admin_roles` WRITE;
/*!40000 ALTER TABLE `admin_roles` DISABLE KEYS */;
INSERT INTO `admin_roles` VALUES (1,'Administrator','administrator','2025-08-07 02:51:17','2025-08-07 02:51:17'),(2,'Tata Usaha','tata-usaha','2025-08-07 02:51:17','2025-08-07 02:51:17'),(3,'Kepala Bidang','kepala-bidang','2025-08-07 02:51:17','2025-08-07 02:51:17'),(4,'Pegawai','pegawai','2025-08-07 02:51:17','2025-08-07 02:51:17');
/*!40000 ALTER TABLE `admin_roles` ENABLE KEYS */;
UNLOCK TABLES;

--
-- Table structure for table `admin_user_details`
--

DROP TABLE IF EXISTS `admin_user_details`;
/*!40101 SET @saved_cs_client     = @@character_set_client */;
/*!40101 SET character_set_client = utf8 */;
CREATE TABLE `admin_user_details` (
  `id` bigint(20) unsigned NOT NULL AUTO_INCREMENT,
  `admin_user_id` int(10) unsigned NOT NULL,
  `data` text COLLATE utf8mb4_unicode_ci DEFAULT NULL,
  `created_at` timestamp NULL DEFAULT NULL,
  `updated_at` timestamp NULL DEFAULT NULL,
  PRIMARY KEY (`id`)
) ENGINE=InnoDB AUTO_INCREMENT=21 DEFAULT CHARSET=utf8mb4 COLLATE=utf8mb4_unicode_ci;
/*!40101 SET character_set_client = @saved_cs_client */;

--
-- Dumping data for table `admin_user_details`
--

LOCK TABLES `admin_user_details` WRITE;
/*!40000 ALTER TABLE `admin_user_details` DISABLE KEYS */;
INSERT INTO `admin_user_details` VALUES (1,61,'{\"full_name\":\"SS\",\"nip\":\"222\",\"unit_kerja\":\"bidang-pemuda-olahraga\"}','2025-08-07 03:44:01','2025-08-07 03:44:01'),(2,62,'{\"full_name\":\"AFINA\",\"nip\":\"124220084\",\"unit_kerja\":\"bidang-paud-dikmas\"}','2025-08-07 03:44:45','2025-08-07 03:44:45'),(3,63,'{\"full_name\":\"AFINA\",\"nip\":\"666\",\"unit_kerja\":\"bidang-pendidikan-dasar\"}','2025-08-07 04:24:35','2025-08-07 04:24:35'),(4,67,'{\"full_name\":\"HAIZUMA\",\"nip\":\"123\",\"unit_kerja\":\"bidang-pemuda-olahraga\"}','2025-08-07 07:29:22','2025-08-07 07:29:22'),(5,68,'{\"full_name\":\"ALEX\",\"nip\":\"000\",\"unit_kerja\":\"bidang-pendidikan-dasar\"}','2025-08-07 07:38:02','2025-08-07 07:38:02'),(6,69,'{\"full_name\":\"AZKAL\",\"nip\":\"555\",\"unit_kerja\":\"bidang-pemuda-olahraga\"}','2025-08-11 02:42:07','2025-08-11 02:42:07'),(7,70,'{\"full_name\":\"AZKAL2\",\"nip\":\"1234\",\"unit_kerja\":\"bidang-pemuda-olahraga\"}','2025-08-26 01:38:59','2025-08-26 01:38:59'),(8,71,'{\"full_name\":\"ARJUN\",\"nip\":\"9090\",\"unit_kerja\":\"bidang-pemuda-olahraga\"}','2025-08-27 03:12:55','2025-08-27 03:12:55'),(9,72,'{\"full_name\":\"WYLDAN\",\"nip\":\"8989\",\"unit_kerja\":\"bidang-pembinaan-smk\"}','2025-08-28 01:17:40','2025-08-28 01:17:40'),(10,73,'{\"full_name\":\"RASYID\",\"nip\":\"0101\",\"unit_kerja\":\"bidang-perencanaan-dan-pmppo\"}','2025-08-28 02:10:16','2025-08-28 02:10:16'),(11,74,'{\"full_name\":\"HAIZUMA\",\"nip\":\"1111\",\"unit_kerja\":\"bidang-subbag-umum\"}','2025-09-01 06:29:04','2025-09-01 06:29:04'),(12,75,'{\"full_name\":\"AZKAL3\",\"nip\":\"9812\",\"unit_kerja\":\"bidang-pembinaan-smk\"}','2025-09-18 06:36:45','2025-09-18 06:36:45'),(13,76,'{\"full_name\":\"AZKAL4\",\"nip\":\"9876\",\"unit_kerja\":\"bidang-pembinaan-sma\"}','2025-09-18 06:56:45','2025-09-18 06:56:45'),(14,77,'{\"full_name\":\"TEST3\",\"nip\":\"12345\",\"unit_kerja\":\"bidang-pembinaan-sma\"}','2025-09-19 02:38:26','2025-09-19 02:38:26'),(15,78,'{\"full_name\":\"HAHA\",\"nip\":\"76\",\"unit_kerja\":\"bidang-pembinaan-smk\"}','2025-09-19 03:04:20','2025-09-19 03:04:20'),(16,79,'{\"full_name\":\"WAKTU\",\"nip\":\"12\",\"unit_kerja\":\"bidang-pembinaan-smk\"}','2025-09-19 03:32:54','2025-09-19 03:32:54'),(17,80,'{\"full_name\":\"GAGA\",\"nip\":\"1\",\"unit_kerja\":\"bidang-subbag-umum\"}','2025-09-19 04:10:30','2025-09-19 04:10:30'),(18,81,'{\"full_name\":\"JAJA\",\"nip\":\"2\",\"unit_kerja\":\"bidang-perencanaan-dan-pmppo\"}','2025-09-19 06:54:53','2025-09-19 06:54:53'),(19,82,'{\"full_name\":\"TIGA\",\"nip\":\"3\",\"unit_kerja\":\"bidang-subbag-umum\"}','2025-09-19 07:01:56','2025-09-19 07:01:56'),(20,83,'{\"full_name\":\"UMAR2\",\"nip\":\"68\",\"unit_kerja\":\"bidang-pembinaan-sma\"}','2025-09-22 08:55:26','2025-09-22 08:55:26');
/*!40000 ALTER TABLE `admin_user_details` ENABLE KEYS */;
UNLOCK TABLES;

--
-- Table structure for table `admin_user_permissions`
--

DROP TABLE IF EXISTS `admin_user_permissions`;
/*!40101 SET @saved_cs_client     = @@character_set_client */;
/*!40101 SET character_set_client = utf8 */;
CREATE TABLE `admin_user_permissions` (
  `user_id` int(11) NOT NULL,
  `permission_id` int(11) NOT NULL,
  `created_at` timestamp NULL DEFAULT NULL,
  `updated_at` timestamp NULL DEFAULT NULL,
  KEY `admin_user_permissions_user_id_permission_id_index` (`user_id`,`permission_id`)
) ENGINE=InnoDB DEFAULT CHARSET=utf8mb4 COLLATE=utf8mb4_unicode_ci;
/*!40101 SET character_set_client = @saved_cs_client */;

--
-- Dumping data for table `admin_user_permissions`
--

LOCK TABLES `admin_user_permissions` WRITE;
/*!40000 ALTER TABLE `admin_user_permissions` DISABLE KEYS */;
INSERT INTO `admin_user_permissions` VALUES (64,2,NULL,NULL),(64,3,NULL,NULL),(64,4,NULL,NULL),(64,7,NULL,NULL),(64,8,NULL,NULL),(64,9,NULL,NULL),(64,11,NULL,NULL),(64,12,NULL,NULL),(64,13,NULL,NULL),(64,14,NULL,NULL),(64,15,NULL,NULL),(64,16,NULL,NULL),(64,17,NULL,NULL),(64,18,NULL,NULL),(64,19,NULL,NULL),(65,2,NULL,NULL),(65,3,NULL,NULL),(65,4,NULL,NULL),(65,7,NULL,NULL),(65,12,NULL,NULL),(65,16,NULL,NULL),(65,18,NULL,NULL),(66,2,NULL,NULL),(66,3,NULL,NULL),(66,4,NULL,NULL),(66,16,NULL,NULL),(70,2,NULL,NULL),(70,3,NULL,NULL),(70,4,NULL,NULL),(70,16,NULL,NULL),(71,2,NULL,NULL),(71,4,NULL,NULL),(71,12,NULL,NULL),(71,16,NULL,NULL);
/*!40000 ALTER TABLE `admin_user_permissions` ENABLE KEYS */;
UNLOCK TABLES;

--
-- Table structure for table `admin_users`
--

DROP TABLE IF EXISTS `admin_users`;
/*!40101 SET @saved_cs_client     = @@character_set_client */;
/*!40101 SET character_set_client = utf8 */;
CREATE TABLE `admin_users` (
  `id` int(10) unsigned NOT NULL AUTO_INCREMENT,
  `username` varchar(190) COLLATE utf8mb4_unicode_ci NOT NULL,
  `password` varchar(60) COLLATE utf8mb4_unicode_ci NOT NULL,
  `name` varchar(191) COLLATE utf8mb4_unicode_ci NOT NULL,
  `avatar` varchar(191) COLLATE utf8mb4_unicode_ci DEFAULT NULL,
  `remember_token` varchar(100) COLLATE utf8mb4_unicode_ci DEFAULT NULL,
  `created_at` timestamp NULL DEFAULT NULL,
  `updated_at` timestamp NULL DEFAULT NULL,
  PRIMARY KEY (`id`),
  UNIQUE KEY `admin_users_username_unique` (`username`)
) ENGINE=InnoDB AUTO_INCREMENT=84 DEFAULT CHARSET=utf8mb4 COLLATE=utf8mb4_unicode_ci;
/*!40101 SET character_set_client = @saved_cs_client */;

--
-- Dumping data for table `admin_users`
--

LOCK TABLES `admin_users` WRITE;
/*!40000 ALTER TABLE `admin_users` DISABLE KEYS */;
INSERT INTO `admin_users` VALUES (1,'admin','$2y$10$k2jNYZ66DQeRnDVVei4kOeceRvvvU70bJkZo4fHhTDFYivPCeLW52','Administrator',NULL,'fv6uPVJTmW7VmuJtfgOXVyZOHYvNn3nAG2OAfVh81EhkmigeTuWE0C9z0fOV','2021-08-11 03:21:03','2021-08-11 03:21:03'),(64,'tatausaha','$2y$10$/5VPoFlpRreuEHlHraw5QuZpz2cRpJITo3EThH6vNjS0Z7nOcI4Ym','TataUsaha',NULL,'dBAvlCDuNvG5W4IVWevA9RvknKy8p7kVQwN67FvWiNjqMo6JKvOY8J0xOUgZ','2025-08-07 04:33:14','2025-08-07 04:44:49'),(65,'kepala bidang','$2y$10$h5o/Cz1O7YqCCTB2RB1w7.edydfCMhXwDueLXwnB85fQ74tOjoeH2','Kepala Bidang',NULL,'Nlt6GluQijEWgCQqMgZObYi3pX1zeVq3NEP5x9h9T5GdQnsO5xW2XetZme8H','2025-08-07 07:25:00','2025-08-07 07:25:39'),(66,'pegawai','$2y$10$uyQdJXDZQehW3Hkw/1an0O4PfpdET2QkIxMpkom0BJq63tb.BOAvu','Pegawai',NULL,'gLX0pVOT3FnpUt6Yla45vnakcVbzZaB4XQ7o8eWJziQH22S33kISDV3yzACb','2025-08-07 07:26:23','2025-08-07 07:26:23'),(67,'123','$2y$10$ev247kc7ytZzCyg47TMwde3oaSr20aDNbeOZIyPU4Dhpn/Nm7Of42','HAIZUMA',NULL,'ii4Fx6XBg6Jj4Pp1TD42c6kOGL1I18iD2ElbuSq42Yrhj9eX4z2i1yLfAEWI','2025-08-07 07:29:22','2025-08-07 07:29:22'),(68,'000','$2y$10$sH.XGTaSfoqwRdGs3WxABuq.stdhfDP6n8Mpish.UDf02myrXRgE.','ALEX',NULL,'CoPwnjDTY11kMri2bvxepQWnQGjkLKZqPOl0aSKUaXMwUZDHfLE682fFlp9C','2025-08-07 07:38:02','2025-08-07 07:38:02'),(69,'555','$2y$10$Qf1P6q53.1cPaxdzcDeXougPUMuoD8SNIEeBxCj8gXAg8h0Bh96j2','AZKAL',NULL,NULL,'2025-08-11 02:42:07','2025-08-11 02:42:07'),(70,'1234','$2y$10$Vbdqjq8ON0cYNzvhzVdgfecUOu5yY6p0sQ0oYh31d/NHs.V2uGfai','AZKAL2',NULL,'KzdSJzhnMAjsG3KXHRcOnFtipTAttrVpZqgFI0HboCHlFYOAE8qynRTMQNRI','2025-08-26 01:38:59','2025-08-26 01:48:44'),(71,'9090','$2y$10$PYOtscYa0UclQAMg9R2B8uZCjFrJdDcOXskG0yYhN4VyIRYcV9mJO','ARJUN','images/a50b0dbd3f568872711f33b2749a116e.png','GIXUfASfHLZ2LpzGxyNmPmBFKWXQBpkm6OHtJk0Cw8yw97MSmNEJRd6hs78c','2025-08-27 03:12:55','2025-08-28 06:24:06'),(72,'8989','$2y$10$pZTZNCLfq5Q/m2UsiR7rCebPs./S5Y18O71EiUIFzo4nQblBA9Dye','WYLDAN',NULL,'guJE3gJQBkTFD97UR3JjNnyb62kxeUD92H7lkzHtuB9rR1XyKy8zyPtDF0NB','2025-08-28 01:17:40','2025-08-28 01:17:40'),(73,'0101','$2y$10$NZLnqjv7PorKnlVEhxlPN.6fH8p63Y1CaiH5Qi.xNbj3v9tgd54dq','RASYID',NULL,'bh0qzpVZKttxvQr9DGqPwUf0X5tC6KnuHYVTm8T6z5z6W363BJTChaEIJMKJ','2025-08-28 02:10:16','2025-08-28 02:10:16'),(74,'1111','$2y$10$e40Qop7So7KZ3vu.EM9F1ODLRXYG0zZmdTW77P8BsTW6034HJHWQC','HAIZUMA',NULL,'BJbdsS4GtI3J99tNTiEthdUu1JxhDHp0PV5AK8ecQSw9QvG7ocgrPOB2bKnS','2025-09-01 06:29:04','2025-09-01 06:29:04'),(75,'9812','$2y$10$9LeJGrQSe/MbyzA/iXh4U.1n5PcbPp1t.icsAglUGeSPuUq024utm','AZKAL3',NULL,NULL,'2025-09-18 06:36:45','2025-09-18 06:36:45'),(76,'9876','$2y$10$IKbJBi9q0BXrUvlXWIeA/OLh06Smj/le4rROAmQpG1uVgosDy8BC2','AZKAL4',NULL,NULL,'2025-09-18 06:56:45','2025-09-18 06:56:45'),(77,'12345','$2y$10$NhJZZM87N1s8G9t6cT5oFOpoXyRJJitqPbqg1J5.PyyGhKHF0.vji','TEST3',NULL,NULL,'2025-09-19 02:38:26','2025-09-19 02:38:26'),(78,'76','$2y$10$yIHIL.IZLS7m0GNm5e/hkOhBDqgVilu9f6YdewdpqSfhhtkLaLzHK','HAHA',NULL,'vWtYTR4kFgZFA4jUuyLBCKzUgDRyp8lYxIj7CPAZGXjc7afZeLjb3CisnVy7','2025-09-19 03:04:20','2025-09-19 03:04:20'),(79,'12','$2y$10$A1v7nd.A7bAkkpTIZDW89eDJ9Cz81lPmHX2kPz6ruc6aNfbRy0Ksi','WAKTU',NULL,NULL,'2025-09-19 03:32:54','2025-09-19 03:32:54'),(80,'1','$2y$10$NAtegO6C0nTX7J2lbQhQJ.EUZmW3PFrpX/jtg5R8QM5pgv9kNCG9y','Umar',NULL,'wQZI9Y6Ql4h6ycWrGA1bG5aPmXvx1LVtnjAFoKvuRRyCFdEN0YHuooJdIq7C','2025-09-19 04:10:30','2025-09-22 08:51:29'),(81,'2','$2y$10$sL6YKKrnzkF3oHXh5XhfTOYTCr/m5Xpqqa.zMSdQb65SDaA.hsBIq','JAJA',NULL,'EMNU3CIb66UljsITJAQirWtwAclRjBIwdMbRz8dimYQe6PxSnie0rsBZ7j1w','2025-09-19 06:54:53','2025-09-19 06:54:53'),(82,'3','$2y$10$g3pLtOGdaqZ08hspHufVFe8kVJ/1PKRlIOtAju0pmv/gppQmvFvna','TIGA',NULL,'JFBeqRjWkeLMV2oN4wQScY5WAtVtTUXbYHyHwzpGUs52EWf2qbUPgWaCJnzU','2025-09-19 07:01:56','2025-09-19 07:01:56'),(83,'68','$2y$10$BGSejTnto9Pf4eWxSqrnmuaE7wp.OEYaU/CyLcPzj1TYZoLYLydtu','UMAR76',NULL,'rnUfqTXgJFPATDLnmx3y5me5HmZDymFtkinn4EKa9q37p1Efn4Q5SYDJKs0G','2025-09-22 08:55:26','2025-09-22 08:56:59');
/*!40000 ALTER TABLE `admin_users` ENABLE KEYS */;
UNLOCK TABLES;

--
-- Table structure for table `borrow_rooms`
--

DROP TABLE IF EXISTS `borrow_rooms`;
/*!40101 SET @saved_cs_client     = @@character_set_client */;
/*!40101 SET character_set_client = utf8 */;
CREATE TABLE `borrow_rooms` (
  `id` bigint(20) unsigned NOT NULL AUTO_INCREMENT,
  `borrower_id` int(10) unsigned NOT NULL,
  `room_id` bigint(20) unsigned NOT NULL,
  `borrow_at` datetime NOT NULL,
  `until_at` datetime NOT NULL,
  `kepala_bidang_id` int(10) unsigned NOT NULL,
  `kepala_bidang_approval_status` tinyint(4) NOT NULL DEFAULT 0,
  `admin_id` int(10) unsigned DEFAULT NULL,
  `admin_approval_status` tinyint(4) DEFAULT NULL,
  `processed_at` datetime DEFAULT NULL,
  `returned_at` datetime DEFAULT NULL,
  `notes` text COLLATE utf8mb4_unicode_ci DEFAULT NULL,
  `created_at` timestamp NULL DEFAULT NULL,
  `updated_at` timestamp NULL DEFAULT NULL,
  `deleted_at` timestamp NULL DEFAULT NULL,
  PRIMARY KEY (`id`),
  KEY `borrow_rooms_room_id_foreign` (`room_id`),
  KEY `borrow_rooms_borrower_id_foreign` (`borrower_id`),
  KEY `borrow_rooms_kepala_bidang_id_foreign` (`kepala_bidang_id`),
  KEY `borrow_rooms_admin_id_foreign` (`admin_id`),
  CONSTRAINT `borrow_rooms_admin_id_foreign` FOREIGN KEY (`admin_id`) REFERENCES `admin_users` (`id`) ON UPDATE CASCADE,
  CONSTRAINT `borrow_rooms_borrower_id_foreign` FOREIGN KEY (`borrower_id`) REFERENCES `admin_users` (`id`) ON UPDATE CASCADE,
  CONSTRAINT `borrow_rooms_kepala_bidang_id_foreign` FOREIGN KEY (`kepala_bidang_id`) REFERENCES `admin_users` (`id`) ON UPDATE CASCADE,
  CONSTRAINT `borrow_rooms_room_id_foreign` FOREIGN KEY (`room_id`) REFERENCES `rooms` (`id`)
) ENGINE=InnoDB AUTO_INCREMENT=30 DEFAULT CHARSET=utf8mb4 COLLATE=utf8mb4_unicode_ci;
/*!40101 SET character_set_client = @saved_cs_client */;

--
-- Dumping data for table `borrow_rooms`
--

LOCK TABLES `borrow_rooms` WRITE;
/*!40000 ALTER TABLE `borrow_rooms` DISABLE KEYS */;
INSERT INTO `borrow_rooms` VALUES (4,67,26,'2025-08-08 14:28:00','2025-08-09 14:29:00',65,1,1,1,'2025-08-07 00:00:00','2025-08-07 00:00:00',NULL,'2025-08-07 07:29:22','2025-08-07 07:36:14',NULL),(5,68,32,'2025-09-01 07:30:00','2025-09-01 16:00:00',65,1,1,1,'2025-08-25 00:00:00','2025-08-26 00:00:00',NULL,'2025-08-07 07:38:02','2025-08-26 01:36:45',NULL),(6,69,31,'2025-08-13 09:40:00','2025-08-14 09:40:00',65,1,1,1,'2025-08-11 00:00:00','2025-08-25 10:00:00',NULL,'2025-08-11 02:42:07','2025-08-26 01:09:07',NULL),(7,70,26,'2025-08-26 08:38:00','2025-08-27 08:38:00',65,1,64,1,'2025-08-26 10:00:00','2025-08-27 10:00:00',NULL,'2025-08-26 01:38:59','2025-08-26 02:23:46',NULL),(8,70,27,'2025-08-27 10:11:00','2025-08-28 10:11:00',65,1,64,1,'2025-08-26 08:00:00','2025-08-27 00:00:00',NULL,'2025-08-26 03:11:24','2025-08-26 06:20:23',NULL),(9,71,30,'2025-08-28 10:10:00','2025-08-28 12:10:00',65,1,1,1,'2025-08-27 00:00:00','2025-08-28 00:00:00',NULL,'2025-08-27 03:12:55','2025-08-27 03:56:36',NULL),(10,71,29,'2025-08-29 10:56:00','2025-08-29 12:56:00',65,1,1,1,'2025-08-28 00:00:00','2025-08-27 23:00:00',NULL,'2025-08-27 03:57:00','2025-08-27 03:59:28',NULL),(11,71,26,'2025-08-28 10:59:00','2025-08-28 12:59:00',65,1,1,1,'2025-08-28 00:00:00','2025-08-28 00:00:00','rapat penting','2025-08-27 03:59:49','2025-08-28 01:19:34',NULL),(12,72,26,'2025-08-30 08:18:00','2025-08-30 10:18:00',65,1,1,1,'2025-08-28 00:00:00','2025-08-28 00:00:00',NULL,'2025-08-28 01:19:37','2025-08-28 02:25:59',NULL),(13,73,30,'2025-08-29 09:09:00','2025-08-29 11:09:00',65,1,1,1,'2025-08-28 00:00:00','2025-08-28 00:00:00',NULL,'2025-08-28 02:10:16','2025-08-28 02:26:14',NULL),(14,73,26,'2025-08-29 09:27:00','2025-08-29 11:27:00',65,1,1,1,'2025-08-28 00:00:00','2025-09-01 00:00:00','Digunakan untuk rapat Bidang Perencanaan dan PMPPO','2025-08-28 02:28:04','2025-09-01 07:55:58',NULL),(15,74,27,'2025-09-02 10:00:00','2025-09-02 13:00:00',65,1,1,1,'2025-09-02 09:00:00','2025-09-02 14:00:00','Digunakan untuk rapat bagian subag umum','2025-09-01 06:29:04','2025-09-01 06:30:54',NULL),(16,74,26,'2025-09-02 13:00:00','2025-09-02 14:00:00',65,1,1,1,'2025-09-12 00:00:00','2025-09-12 00:00:00','ada','2025-09-01 07:56:36','2025-09-12 02:31:07',NULL),(17,71,26,'2025-09-02 14:01:00','2025-09-02 15:00:00',65,1,1,1,NULL,'2025-09-19 10:31:48','2','2025-09-01 07:58:40','2025-09-19 03:31:48',NULL),(18,73,30,'2025-09-02 13:00:00','2025-09-02 15:00:00',65,1,1,1,'2025-09-19 00:00:00','2025-09-19 00:00:00','3','2025-09-01 08:00:45','2025-09-19 02:46:27',NULL),(19,72,30,'2025-09-02 15:00:00','2025-09-02 16:00:00',65,1,1,1,NULL,'2025-09-19 10:56:26','4','2025-09-01 08:48:34','2025-09-19 03:56:26',NULL),(20,75,26,'2025-09-19 13:52:00','2025-09-19 15:53:00',65,1,1,1,'2025-09-19 00:00:00','2025-09-19 00:00:00','test form','2025-09-18 06:52:41','2025-09-19 02:55:51',NULL),(21,76,27,'2025-09-20 14:52:00','2025-09-20 16:53:00',65,0,NULL,NULL,NULL,NULL,'test form 2','2025-09-18 06:56:45','2025-09-18 06:56:45',NULL),(22,77,28,'2025-09-20 09:30:00','2025-09-20 11:30:00',65,0,NULL,NULL,NULL,NULL,'test3','2025-09-19 02:38:26','2025-09-19 02:38:26',NULL),(23,75,29,'2025-09-30 09:56:00','2025-09-30 12:56:00',65,1,1,1,'2025-09-19 00:00:00','2025-09-19 00:00:00','test4','2025-09-19 02:56:13','2025-09-19 03:00:47',NULL),(24,78,31,'2025-12-01 13:00:00','2025-12-01 14:04:00',65,1,NULL,1,NULL,NULL,'saa','2025-09-19 03:04:20','2025-09-19 03:04:20',NULL),(25,79,28,'2025-09-19 10:34:00','2025-09-19 10:35:00',65,1,NULL,1,NULL,'2025-09-19 10:38:13','test5','2025-09-19 03:32:54','2025-09-19 03:38:13',NULL),(26,80,26,'2025-09-20 13:00:00','2025-09-20 15:00:00',65,1,NULL,1,NULL,'2025-09-22 13:36:37','rapat','2025-09-19 04:10:30','2025-09-22 06:36:37',NULL),(27,81,30,'2025-12-01 13:00:00','2025-12-01 14:00:00',65,1,NULL,1,NULL,NULL,'rapat repot','2025-09-19 06:54:53','2025-09-19 06:54:53',NULL),(28,82,30,'2025-12-01 14:00:00','2025-12-01 15:00:00',65,1,NULL,1,NULL,NULL,'rapatttt','2025-09-19 07:01:56','2025-09-19 07:01:56',NULL),(29,83,27,'2025-09-23 15:50:00','2025-09-23 19:55:00',65,1,1,1,'2025-09-23 00:00:00','2025-09-23 00:00:00','rapat','2025-09-22 08:55:26','2025-09-22 08:58:24',NULL);
/*!40000 ALTER TABLE `borrow_rooms` ENABLE KEYS */;
UNLOCK TABLES;

--
-- Table structure for table `failed_jobs`
--

DROP TABLE IF EXISTS `failed_jobs`;
/*!40101 SET @saved_cs_client     = @@character_set_client */;
/*!40101 SET character_set_client = utf8 */;
CREATE TABLE `failed_jobs` (
  `id` bigint(20) unsigned NOT NULL AUTO_INCREMENT,
  `uuid` varchar(191) COLLATE utf8mb4_unicode_ci NOT NULL,
  `connection` text COLLATE utf8mb4_unicode_ci NOT NULL,
  `queue` text COLLATE utf8mb4_unicode_ci NOT NULL,
  `payload` longtext COLLATE utf8mb4_unicode_ci NOT NULL,
  `exception` longtext COLLATE utf8mb4_unicode_ci NOT NULL,
  `failed_at` timestamp NOT NULL DEFAULT current_timestamp(),
  PRIMARY KEY (`id`),
  UNIQUE KEY `failed_jobs_uuid_unique` (`uuid`)
) ENGINE=InnoDB DEFAULT CHARSET=utf8mb4 COLLATE=utf8mb4_unicode_ci;
/*!40101 SET character_set_client = @saved_cs_client */;

--
-- Dumping data for table `failed_jobs`
--

LOCK TABLES `failed_jobs` WRITE;
/*!40000 ALTER TABLE `failed_jobs` DISABLE KEYS */;
/*!40000 ALTER TABLE `failed_jobs` ENABLE KEYS */;
UNLOCK TABLES;

--
-- Table structure for table `migrations`
--

DROP TABLE IF EXISTS `migrations`;
/*!40101 SET @saved_cs_client     = @@character_set_client */;
/*!40101 SET character_set_client = utf8 */;
CREATE TABLE `migrations` (
  `id` int(10) unsigned NOT NULL AUTO_INCREMENT,
  `migration` varchar(191) COLLATE utf8mb4_unicode_ci NOT NULL,
  `batch` int(11) NOT NULL,
  PRIMARY KEY (`id`)
) ENGINE=InnoDB AUTO_INCREMENT=10 DEFAULT CHARSET=utf8mb4 COLLATE=utf8mb4_unicode_ci;
/*!40101 SET character_set_client = @saved_cs_client */;

--
-- Dumping data for table `migrations`
--

LOCK TABLES `migrations` WRITE;
/*!40000 ALTER TABLE `migrations` DISABLE KEYS */;
INSERT INTO `migrations` VALUES (1,'2014_10_12_000000_create_users_table',1),(2,'2014_10_12_100000_create_password_resets_table',1),(3,'2016_01_04_173148_create_admin_tables',1),(4,'2019_08_19_000000_create_failed_jobs_table',1),(5,'2019_12_14_000001_create_personal_access_tokens_table',1),(6,'2021_08_03_195726_create_room_types_table',1),(7,'2021_08_03_201834_create_rooms_table',1),(8,'2021_08_05_200746_create_borrow_rooms_table',1),(9,'2021_08_10_204722_create_admin_user_details_table',1);
/*!40000 ALTER TABLE `migrations` ENABLE KEYS */;
UNLOCK TABLES;

--
-- Table structure for table `password_resets`
--

DROP TABLE IF EXISTS `password_resets`;
/*!40101 SET @saved_cs_client     = @@character_set_client */;
/*!40101 SET character_set_client = utf8 */;
CREATE TABLE `password_resets` (
  `email` varchar(191) COLLATE utf8mb4_unicode_ci NOT NULL,
  `token` varchar(191) COLLATE utf8mb4_unicode_ci NOT NULL,
  `created_at` timestamp NULL DEFAULT NULL,
  KEY `password_resets_email_index` (`email`)
) ENGINE=InnoDB DEFAULT CHARSET=utf8mb4 COLLATE=utf8mb4_unicode_ci;
/*!40101 SET character_set_client = @saved_cs_client */;

--
-- Dumping data for table `password_resets`
--

LOCK TABLES `password_resets` WRITE;
/*!40000 ALTER TABLE `password_resets` DISABLE KEYS */;
/*!40000 ALTER TABLE `password_resets` ENABLE KEYS */;
UNLOCK TABLES;

--
-- Table structure for table `personal_access_tokens`
--

DROP TABLE IF EXISTS `personal_access_tokens`;
/*!40101 SET @saved_cs_client     = @@character_set_client */;
/*!40101 SET character_set_client = utf8 */;
CREATE TABLE `personal_access_tokens` (
  `id` bigint(20) unsigned NOT NULL AUTO_INCREMENT,
  `tokenable_type` varchar(191) COLLATE utf8mb4_unicode_ci NOT NULL,
  `tokenable_id` bigint(20) unsigned NOT NULL,
  `name` varchar(191) COLLATE utf8mb4_unicode_ci NOT NULL,
  `token` varchar(64) COLLATE utf8mb4_unicode_ci NOT NULL,
  `abilities` text COLLATE utf8mb4_unicode_ci DEFAULT NULL,
  `last_used_at` timestamp NULL DEFAULT NULL,
  `expires_at` timestamp NULL DEFAULT NULL,
  `created_at` timestamp NULL DEFAULT NULL,
  `updated_at` timestamp NULL DEFAULT NULL,
  PRIMARY KEY (`id`),
  UNIQUE KEY `personal_access_tokens_token_unique` (`token`),
  KEY `personal_access_tokens_tokenable_type_tokenable_id_index` (`tokenable_type`,`tokenable_id`)
) ENGINE=InnoDB DEFAULT CHARSET=utf8mb4 COLLATE=utf8mb4_unicode_ci;
/*!40101 SET character_set_client = @saved_cs_client */;

--
-- Dumping data for table `personal_access_tokens`
--

LOCK TABLES `personal_access_tokens` WRITE;
/*!40000 ALTER TABLE `personal_access_tokens` DISABLE KEYS */;
/*!40000 ALTER TABLE `personal_access_tokens` ENABLE KEYS */;
UNLOCK TABLES;

--
-- Table structure for table `room_types`
--

DROP TABLE IF EXISTS `room_types`;
/*!40101 SET @saved_cs_client     = @@character_set_client */;
/*!40101 SET character_set_client = utf8 */;
CREATE TABLE `room_types` (
  `id` bigint(20) unsigned NOT NULL AUTO_INCREMENT,
  `name` varchar(191) COLLATE utf8mb4_unicode_ci NOT NULL,
  `is_active` tinyint(4) NOT NULL DEFAULT 0,
  `created_at` timestamp NULL DEFAULT NULL,
  `updated_at` timestamp NULL DEFAULT NULL,
  PRIMARY KEY (`id`)
) ENGINE=InnoDB AUTO_INCREMENT=31 DEFAULT CHARSET=utf8mb4 COLLATE=utf8mb4_unicode_ci;
/*!40101 SET character_set_client = @saved_cs_client */;

--
-- Dumping data for table `room_types`
--

LOCK TABLES `room_types` WRITE;
/*!40000 ALTER TABLE `room_types` DISABLE KEYS */;
INSERT INTO `room_types` VALUES (24,'Sasana Cipta',1,'2025-08-07 04:36:54','2025-08-07 04:36:54'),(25,'Sasana Wiyata',1,'2025-08-07 04:37:08','2025-08-07 04:37:08'),(26,'Sasana Mitra',1,'2025-08-07 04:37:18','2025-08-07 04:37:18'),(27,'Sasana Krida',1,'2025-08-07 04:37:25','2025-09-11 03:40:48'),(28,'Ruang Rapat SPAB',1,'2025-08-07 04:37:43','2025-09-11 03:41:04'),(30,'Ruang Rapat Wakadis',1,'2025-08-07 04:38:16','2025-09-11 03:42:05');
/*!40000 ALTER TABLE `room_types` ENABLE KEYS */;
UNLOCK TABLES;

--
-- Table structure for table `rooms`
--

DROP TABLE IF EXISTS `rooms`;
/*!40101 SET @saved_cs_client     = @@character_set_client */;
/*!40101 SET character_set_client = utf8 */;
CREATE TABLE `rooms` (
  `id` bigint(20) unsigned NOT NULL AUTO_INCREMENT,
  `name` varchar(191) COLLATE utf8mb4_unicode_ci NOT NULL,
  `max_people` int(11) DEFAULT NULL,
  `status` tinyint(4) NOT NULL DEFAULT 0,
  `notes` text COLLATE utf8mb4_unicode_ci DEFAULT NULL,
  `room_type_id` bigint(20) unsigned NOT NULL,
  `created_at` timestamp NULL DEFAULT NULL,
  `updated_at` timestamp NULL DEFAULT NULL,
  `deleted_at` timestamp NULL DEFAULT NULL,
  PRIMARY KEY (`id`),
  KEY `rooms_room_type_id_foreign` (`room_type_id`),
  CONSTRAINT `rooms_room_type_id_foreign` FOREIGN KEY (`room_type_id`) REFERENCES `room_types` (`id`)
) ENGINE=InnoDB AUTO_INCREMENT=34 DEFAULT CHARSET=utf8mb4 COLLATE=utf8mb4_unicode_ci;
/*!40101 SET character_set_client = @saved_cs_client */;

--
-- Dumping data for table `rooms`
--

LOCK TABLES `rooms` WRITE;
/*!40000 ALTER TABLE `rooms` DISABLE KEYS */;
INSERT INTO `rooms` VALUES (26,'Sasana Mitra',30,0,NULL,26,'2025-08-07 04:38:42','2025-09-11 03:39:27',NULL),(27,'Sasana Krida',150,0,NULL,27,'2025-08-07 04:39:18','2025-09-11 03:39:56',NULL),(28,'Sasana Cipta',120,0,NULL,24,'2025-08-07 04:39:28','2025-09-11 03:43:24',NULL),(29,'Sasana Wiyata',60,0,NULL,25,'2025-08-07 04:39:43','2025-09-11 03:40:08',NULL),(30,'Ruang Rapat SPAB',15,0,NULL,28,'2025-08-07 04:40:34','2025-09-11 03:41:15',NULL),(31,'Ruang Rapat Wakadis',15,0,NULL,30,'2025-08-07 04:40:46','2025-09-11 03:42:31',NULL),(32,'Rapat Subbag Umum',20,0,NULL,30,'2025-08-07 04:41:03','2025-09-11 03:40:32','2025-09-11 03:40:32'),(33,'KANTIN',30,0,'tempat makan',24,'2025-09-19 07:03:40','2025-09-19 07:03:50','2025-09-19 07:03:50');
/*!40000 ALTER TABLE `rooms` ENABLE KEYS */;
UNLOCK TABLES;

--
-- Table structure for table `users`
--

DROP TABLE IF EXISTS `users`;
/*!40101 SET @saved_cs_client     = @@character_set_client */;
/*!40101 SET character_set_client = utf8 */;
CREATE TABLE `users` (
  `id` bigint(20) unsigned NOT NULL AUTO_INCREMENT,
  `name` varchar(191) COLLATE utf8mb4_unicode_ci NOT NULL,
  `email` varchar(191) COLLATE utf8mb4_unicode_ci NOT NULL,
  `email_verified_at` timestamp NULL DEFAULT NULL,
  `password` varchar(191) COLLATE utf8mb4_unicode_ci NOT NULL,
  `remember_token` varchar(100) COLLATE utf8mb4_unicode_ci DEFAULT NULL,
  `created_at` timestamp NULL DEFAULT NULL,
  `updated_at` timestamp NULL DEFAULT NULL,
  PRIMARY KEY (`id`),
  UNIQUE KEY `users_email_unique` (`email`)
) ENGINE=InnoDB DEFAULT CHARSET=utf8mb4 COLLATE=utf8mb4_unicode_ci;
/*!40101 SET character_set_client = @saved_cs_client */;

--
-- Dumping data for table `users`
--

LOCK TABLES `users` WRITE;
/*!40000 ALTER TABLE `users` DISABLE KEYS */;
/*!40000 ALTER TABLE `users` ENABLE KEYS */;
UNLOCK TABLES;
/*!40103 SET TIME_ZONE=@OLD_TIME_ZONE */;

/*!40101 SET SQL_MODE=@OLD_SQL_MODE */;
/*!40014 SET FOREIGN_KEY_CHECKS=@OLD_FOREIGN_KEY_CHECKS */;
/*!40014 SET UNIQUE_CHECKS=@OLD_UNIQUE_CHECKS */;
/*!40101 SET CHARACTER_SET_CLIENT=@OLD_CHARACTER_SET_CLIENT */;
/*!40101 SET CHARACTER_SET_RESULTS=@OLD_CHARACTER_SET_RESULTS */;
/*!40101 SET COLLATION_CONNECTION=@OLD_COLLATION_CONNECTION */;
/*!40111 SET SQL_NOTES=@OLD_SQL_NOTES */;

-- Dump completed on 2025-09-24 13:12:14
